sucursal,fecha_emision,dni_empleado,dni_admin,producto,categoria,familia,cantidad
catam1,,,,DIET AMERICANA,diet,,0
catam1,,,,DIET ANANA,diet,,0
catam1,,,,DIET BANANA,diet,,0
catam1,,,,DIET DULCE DE LECHE,diet,,0
catam1,,,,DIET DURAZNO,diet,,0
catam1,,,,DIET VAINILLA,diet,,0
catam1,,,,BOMBON ROCHER,helado,chocolate,0
catam1,,,,CHOCOLATE,helado,chocolate,0
catam1,,,,CHOCOLATE A LA CUBANA,helado,chocolate,0
catam1,,,,CHOCOLATE AMARGO,helado,chocolate,0
catam1,,,,CHOCOLATE BLANCO,helado,chocolate,0
catam1,,,,CHOCOLATE CON ALMENDRAS,helado,chocolate,0
catam1,,,,CHOCOLATE CON CEREZAS,helado,chocolate,0
catam1,,,,CHOCOLATE DUBAI,helado,chocolate,0
catam1,,,,CHOCOLATE SUIZO,helado,chocolate,0
catam1,,,,KINDOVO,helado,chocolate,0
catam1,,,,MARROC,helado,chocolate,0
catam1,,,,ALMENDRADO,helado,crema blanca,0
catam1,,,,AMERICANA,helado,crema blanca,0
catam1,,,,ARANDANO Y CASSIS,helado,crema blanca,0
catam1,,,,BANANA SPLIT,helado,crema blanca,0
catam1,,,,BANANINA,helado,crema blanca,0
catam1,,,,BISCUIT,helado,crema blanca,0
catam1,,,,CAYOTE CON NUEZ,helado,crema blanca,0
catam1,,,,CEREZA,helado,crema blanca,0
catam1,,,,COCOLECHE,helado,crema blanca,0
catam1,,,,CREMA DE CAFE,helado,crema blanca,0
catam1,,,,CREMA DE HIGO CON NUEZ,helado,crema blanca,0
catam1,,,,CREMA DEL CIELO,helado,crema blanca,0
catam1,,,,CREMA RUSA,helado,crema blanca,0
catam1,,,,DELICIA TELLO,helado,crema blanca,0
catam1,,,,FRUTILLA A LA CREMA,helado,crema blanca,0
catam1,,,,FRUTOS DEL BOSQUE,helado,crema blanca,0
catam1,,,,GRANIZADO,helado,crema blanca,0
catam1,,,,LEMON PIE,helado,crema blanca,0
catam1,,,,MANTECOL,helado,crema blanca,0
catam1,,,,MANZANAS AL OPORTO,helado,crema blanca,0
catam1,,,,MARACUYA,helado,crema blanca,0
catam1,,,,MENTA GRANIZADA,helado,crema blanca,0
catam1,,,,PANACOTTA,helado,crema blanca,0
catam1,,,,PISTACHO,helado,crema blanca,0
catam1,,,,SAMBAYON,helado,crema blanca,0
catam1,,,,TIRAMISU,helado,crema blanca,0
catam1,,,,TORTA BROWNIE,helado,crema blanca,0
catam1,,,,YOGUR GRIEGO,helado,crema blanca,0
catam1,,,,CREMA DON PEDRO,helado,crema vainilla,0
catam1,,,,CREMA FLAN,helado,crema vainilla,0
catam1,,,,KINOTOS AL WHISKY,helado,crema vainilla,0
catam1,,,,VAINILLA,helado,crema vainilla,0
catam1,,,,VAINILLA GRANIZADA,helado,crema vainilla,0
catam1,,,,CHOCOTORTA,helado,dulce de leche,0
catam1,,,,DOLCCINO,helado,dulce de leche,0
catam1,,,,DULCE DE LECHE,helado,dulce de leche,0
catam1,,,,DULCE DE LECHE BOMBON,helado,dulce de leche,0
catam1,,,,DULCE DE LECHE CON NUEZ,helado,dulce de leche,0
catam1,,,,DULCE DE LECHE GRANIZADO,helado,dulce de leche,0
catam1,,,,DULCE DE LECHE TENTACION,helado,dulce de leche,0
catam1,,,,ANANA,helado,frutas,0
catam1,,,,DURAZNO AL AGUA,helado,frutas,0
catam1,,,,FRUTILLA AL AGUA,helado,frutas,0
catam1,,,,LIMON,helado,frutas,0
catam1,,,,MANGO,helado,frutas,0
catam1,,,,Cheescake DL/ Oreo,minitortas,,0
catam1,,,,Dulccina,minitortas,,0
catam1,,,,Nutella,minitortas,,0
catam1,,,,Carita,paletas,,0
catam1,,,,Chancho,paletas,,0
catam1,,,,Clasica,paletas,,0
catam1,,,,Corazon,paletas,,0
catam1,,,,Cristal,paletas,,0
catam1,,,,Dona Banana Split,paletas,,0
catam1,,,,Dona flan,paletas,,0
catam1,,,,Dubai,paletas,,0
catam1,,,,Hello Kitty,paletas,,0
catam1,,,,Pata,paletas,,0
catam1,,,,Tango,paletas,,0
catam1,,,,Torta,paletas,,0
catam1,,,,Vaca Aurora,paletas,,0
catam1,,,,chocolatin,paletas,,0
catam1,,,,Brownie,tartas,,0
catam1,,,,Cabsha,tartas,,0
catam1,,,,Cheescake Tarta,tartas,,0
catam1,,,,Higo,tartas,,0
catam1,,,,Imperial Tarta,tartas,,0
catam1,,,,Lemon Pie Tarta,tartas,,0
catam1,,,,Maracuya Tarta,tartas,,0
catam1,,,,Mousse,tartas,,0
catam1,,,,Rocher,tartas,,0
catam1,,,,Bomba,tortas,,0
catam1,,,,Chaja,tortas,,0
catam1,,,,Imperial,tortas,,0
catam1,,,,Maria Luisa,tortas,,0
catam1,,,,Selva Negra,tortas,,0
catam1,,,,Tropical,tortas,,0
catam1,,,,BOMBON,tortas heladas,,0
catam1,,,,CHOCOOREO,tortas heladas,,0
catam1,,,,CLASICA AM/CHOC,tortas heladas,,0
catam1,,,,CLASICA VAI/ DL,tortas heladas,,0
catam1,,,,DEL AMERICANA,tortas heladas,,0
catam1,,,,DEL DULCE D LECHE,tortas heladas,,0
catam1,,,,OMELETTE,tortas heladas,,0
catam1,,,,PRIMAVERA,tortas heladas,,0
catam1,,,,VERONA,tortas heladas,,0
catam2,,,,DIET AMERICANA,diet,,0
catam2,,,,DIET ANANA,diet,,0
catam2,,,,DIET BANANA,diet,,0
catam2,,,,DIET DULCE DE LECHE,diet,,0
catam2,,,,DIET DURAZNO,diet,,0
catam2,,,,DIET VAINILLA,diet,,0
catam2,,,,BOMBON ROCHER,helado,chocolate,0
catam2,,,,CHOCOLATE,helado,chocolate,0
catam2,,,,CHOCOLATE A LA CUBANA,helado,chocolate,0
catam2,,,,CHOCOLATE AMARGO,helado,chocolate,0
catam2,,,,CHOCOLATE BLANCO,helado,chocolate,0
catam2,,,,CHOCOLATE CON ALMENDRAS,helado,chocolate,0
catam2,,,,CHOCOLATE CON CEREZAS,helado,chocolate,0
catam2,,,,CHOCOLATE DUBAI,helado,chocolate,0
catam2,,,,CHOCOLATE SUIZO,helado,chocolate,0
catam2,,,,KINDOVO,helado,chocolate,0
catam2,,,,MARROC,helado,chocolate,0
catam2,,,,ALMENDRADO,helado,crema blanca,0
catam2,,,,AMERICANA,helado,crema blanca,0
catam2,,,,ARANDANO Y CASSIS,helado,crema blanca,0
catam2,,,,BANANA SPLIT,helado,crema blanca,0
catam2,,,,BANANINA,helado,crema blanca,0
catam2,,,,BISCUIT,helado,crema blanca,0
catam2,,,,CAYOTE CON NUEZ,helado,crema blanca,0
catam2,,,,CEREZA,helado,crema blanca,0
catam2,,,,COCOLECHE,helado,crema blanca,0
catam2,,,,CREMA DE CAFE,helado,crema blanca,0
catam2,,,,CREMA DE HIGO CON NUEZ,helado,crema blanca,0
catam2,,,,CREMA DEL CIELO,helado,crema blanca,0
catam2,,,,CREMA RUSA,helado,crema blanca,0
catam2,,,,DELICIA TELLO,helado,crema blanca,0
catam2,,,,FRUTILLA A LA CREMA,helado,crema blanca,0
catam2,,,,FRUTOS DEL BOSQUE,helado,crema blanca,0
catam2,,,,GRANIZADO,helado,crema blanca,0
catam2,,,,LEMON PIE,helado,crema blanca,0
catam2,,,,MANTECOL,helado,crema blanca,0
catam2,,,,MANZANAS AL OPORTO,helado,crema blanca,0
catam2,,,,MARACUYA,helado,crema blanca,0
catam2,,,,MENTA GRANIZADA,helado,crema blanca,0
catam2,,,,PANACOTTA,helado,crema blanca,0
catam2,,,,PISTACHO,helado,crema blanca,0
catam2,,,,SAMBAYON,helado,crema blanca,0
catam2,,,,TIRAMISU,helado,crema blanca,0
catam2,,,,TORTA BROWNIE,helado,crema blanca,0
catam2,,,,YOGUR GRIEGO,helado,crema blanca,0
catam2,,,,CREMA DON PEDRO,helado,crema vainilla,0
catam2,,,,CREMA FLAN,helado,crema vainilla,0
catam2,,,,KINOTOS AL WHISKY,helado,crema vainilla,0
catam2,,,,VAINILLA,helado,crema vainilla,0
catam2,,,,VAINILLA GRANIZADA,helado,crema vainilla,0
catam2,,,,CHOCOTORTA,helado,dulce de leche,0
catam2,,,,DOLCCINO,helado,dulce de leche,0
catam2,,,,DULCE DE LECHE,helado,dulce de leche,0
catam2,,,,DULCE DE LECHE BOMBON,helado,dulce de leche,0
catam2,,,,DULCE DE LECHE CON NUEZ,helado,dulce de leche,0
catam2,,,,DULCE DE LECHE GRANIZADO,helado,dulce de leche,0
catam2,,,,DULCE DE LECHE TENTACION,helado,dulce de leche,0
catam2,,,,ANANA,helado,frutas,0
catam2,,,,DURAZNO AL AGUA,helado,frutas,0
catam2,,,,FRUTILLA AL AGUA,helado,frutas,0
catam2,,,,LIMON,helado,frutas,0
catam2,,,,MANGO,helado,frutas,0
catam2,,,,Cheescake DL/ Oreo,minitortas,,0
catam2,,,,Dulccina,minitortas,,0
catam2,,,,Nutella,minitortas,,0
catam2,,,,Carita,paletas,,0
catam2,,,,Chancho,paletas,,0
catam2,,,,Clasica,paletas,,0
catam2,,,,Corazon,paletas,,0
catam2,,,,Cristal,paletas,,0
catam2,,,,Dona Banana Split,paletas,,0
catam2,,,,Dona flan,paletas,,0
catam2,,,,Dubai,paletas,,0
catam2,,,,Hello Kitty,paletas,,0
catam2,,,,Pata,paletas,,0
catam2,,,,Tango,paletas,,0
catam2,,,,Torta,paletas,,0
catam2,,,,Vaca Aurora,paletas,,0
catam2,,,,chocolatin,paletas,,0
catam2,,,,Brownie,tartas,,0
catam2,,,,Cabsha,tartas,,0
catam2,,,,Cheescake Tarta,tartas,,0
catam2,,,,Higo,tartas,,0
catam2,,,,Imperial Tarta,tartas,,0
catam2,,,,Lemon Pie Tarta,tartas,,0
catam2,,,,Maracuya Tarta,tartas,,0
catam2,,,,Mousse,tartas,,0
catam2,,,,Rocher,tartas,,0
catam2,,,,Bomba,tortas,,0
catam2,,,,Chaja,tortas,,0
catam2,,,,Imperial,tortas,,0
catam2,,,,Maria Luisa,tortas,,0
catam2,,,,Selva Negra,tortas,,0
catam2,,,,Tropical,tortas,,0
catam2,,,,BOMBON,tortas heladas,,0
catam2,,,,CHOCOOREO,tortas heladas,,0
catam2,,,,CLASICA AM/CHOC,tortas heladas,,0
catam2,,,,CLASICA VAI/ DL,tortas heladas,,0
catam2,,,,DEL AMERICANA,tortas heladas,,0
catam2,,,,DEL DULCE D LECHE,tortas heladas,,0
catam2,,,,OMELETTE,tortas heladas,,0
catam2,,,,PRIMAVERA,tortas heladas,,0
catam2,,,,VERONA,tortas heladas,,0
catam3,,,,DIET AMERICANA,diet,,0
catam3,,,,DIET ANANA,diet,,0
catam3,,,,DIET BANANA,diet,,0
catam3,,,,DIET DULCE DE LECHE,diet,,0
catam3,,,,DIET DURAZNO,diet,,0
catam3,,,,DIET VAINILLA,diet,,0
catam3,,,,BOMBON ROCHER,helado,chocolate,0
catam3,,,,CHOCOLATE,helado,chocolate,0
catam3,,,,CHOCOLATE A LA CUBANA,helado,chocolate,0
catam3,,,,CHOCOLATE AMARGO,helado,chocolate,0
catam3,,,,CHOCOLATE BLANCO,helado,chocolate,0
catam3,,,,CHOCOLATE CON ALMENDRAS,helado,chocolate,0
catam3,,,,CHOCOLATE CON CEREZAS,helado,chocolate,0
catam3,,,,CHOCOLATE DUBAI,helado,chocolate,0
catam3,,,,CHOCOLATE SUIZO,helado,chocolate,0
catam3,,,,KINDOVO,helado,chocolate,0
catam3,,,,MARROC,helado,chocolate,0
catam3,,,,ALMENDRADO,helado,crema blanca,0
catam3,,,,AMERICANA,helado,crema blanca,0
catam3,,,,ARANDANO Y CASSIS,helado,crema blanca,0
catam3,,,,BANANA SPLIT,helado,crema blanca,0
catam3,,,,BANANINA,helado,crema blanca,0
catam3,,,,BISCUIT,helado,crema blanca,0
catam3,,,,CAYOTE CON NUEZ,helado,crema blanca,0
catam3,,,,CEREZA,helado,crema blanca,0
catam3,,,,COCOLECHE,helado,crema blanca,0
catam3,,,,CREMA DE CAFE,helado,crema blanca,0
catam3,,,,CREMA DE HIGO CON NUEZ,helado,crema blanca,0
catam3,,,,CREMA DEL CIELO,helado,crema blanca,0
catam3,,,,CREMA RUSA,helado,crema blanca,0
catam3,,,,DELICIA TELLO,helado,crema blanca,0
catam3,,,,FRUTILLA A LA CREMA,helado,crema blanca,0
catam3,,,,FRUTOS DEL BOSQUE,helado,crema blanca,0
catam3,,,,GRANIZADO,helado,crema blanca,0
catam3,,,,LEMON PIE,helado,crema blanca,0
catam3,,,,MANTECOL,helado,crema blanca,0
catam3,,,,MANZANAS AL OPORTO,helado,crema blanca,0
catam3,,,,MARACUYA,helado,crema blanca,0
catam3,,,,MENTA GRANIZADA,helado,crema blanca,0
catam3,,,,PANACOTTA,helado,crema blanca,0
catam3,,,,PISTACHO,helado,crema blanca,0
catam3,,,,SAMBAYON,helado,crema blanca,0
catam3,,,,TIRAMISU,helado,crema blanca,0
catam3,,,,TORTA BROWNIE,helado,crema blanca,0
catam3,,,,YOGUR GRIEGO,helado,crema blanca,0
catam3,,,,CREMA DON PEDRO,helado,crema vainilla,0
catam3,,,,CREMA FLAN,helado,crema vainilla,0
catam3,,,,KINOTOS AL WHISKY,helado,crema vainilla,0
catam3,,,,VAINILLA,helado,crema vainilla,0
catam3,,,,VAINILLA GRANIZADA,helado,crema vainilla,0
catam3,,,,CHOCOTORTA,helado,dulce de leche,0
catam3,,,,DOLCCINO,helado,dulce de leche,0
catam3,,,,DULCE DE LECHE,helado,dulce de leche,0
catam3,,,,DULCE DE LECHE BOMBON,helado,dulce de leche,0
catam3,,,,DULCE DE LECHE CON NUEZ,helado,dulce de leche,0
catam3,,,,DULCE DE LECHE GRANIZADO,helado,dulce de leche,0
catam3,,,,DULCE DE LECHE TENTACION,helado,dulce de leche,0
catam3,,,,ANANA,helado,frutas,0
catam3,,,,DURAZNO AL AGUA,helado,frutas,0
catam3,,,,FRUTILLA AL AGUA,helado,frutas,0
catam3,,,,LIMON,helado,frutas,0
catam3,,,,MANGO,helado,frutas,0
catam3,,,,Cheescake DL/ Oreo,minitortas,,0
catam3,,,,Dulccina,minitortas,,0
catam3,,,,Nutella,minitortas,,0
catam3,,,,Carita,paletas,,0
catam3,,,,Chancho,paletas,,0
catam3,,,,Clasica,paletas,,0
catam3,,,,Corazon,paletas,,0
catam3,,,,Cristal,paletas,,0
catam3,,,,Dona Banana Split,paletas,,0
catam3,,,,Dona flan,paletas,,0
catam3,,,,Dubai,paletas,,0
catam3,,,,Hello Kitty,paletas,,0
catam3,,,,Pata,paletas,,0
catam3,,,,Tango,paletas,,0
catam3,,,,Torta,paletas,,0
catam3,,,,Vaca Aurora,paletas,,0
catam3,,,,chocolatin,paletas,,0
catam3,,,,Brownie,tartas,,0
catam3,,,,Cabsha,tartas,,0
catam3,,,,Cheescake Tarta,tartas,,0
catam3,,,,Higo,tartas,,0
catam3,,,,Imperial Tarta,tartas,,0
catam3,,,,Lemon Pie Tarta,tartas,,0
catam3,,,,Maracuya Tarta,tartas,,0
catam3,,,,Mousse,tartas,,0
catam3,,,,Rocher,tartas,,0
catam3,,,,Bomba,tortas,,0
catam3,,,,Chaja,tortas,,0
catam3,,,,Imperial,tortas,,0
catam3,,,,Maria Luisa,tortas,,0
catam3,,,,Selva Negra,tortas,,0
catam3,,,,Tropical,tortas,,0
catam3,,,,BOMBON,tortas heladas,,0
catam3,,,,CHOCOOREO,tortas heladas,,0
catam3,,,,CLASICA AM/CHOC,tortas heladas,,0
catam3,,,,CLASICA VAI/ DL,tortas heladas,,0
catam3,,,,DEL AMERICANA,tortas heladas,,0
catam3,,,,DEL DULCE D LECHE,tortas heladas,,0
catam3,,,,OMELETTE,tortas heladas,,0
catam3,,,,PRIMAVERA,tortas heladas,,0
catam3,,,,VERONA,tortas heladas,,0
catam4,,,,DIET AMERICANA,diet,,0
catam4,,,,DIET ANANA,diet,,0
catam4,,,,DIET BANANA,diet,,0
catam4,,,,DIET DULCE DE LECHE,diet,,0
catam4,,,,DIET DURAZNO,diet,,0
catam4,,,,DIET VAINILLA,diet,,0
catam4,,,,BOMBON ROCHER,helado,chocolate,0
catam4,,,,CHOCOLATE,helado,chocolate,0
catam4,,,,CHOCOLATE A LA CUBANA,helado,chocolate,0
catam4,,,,CHOCOLATE AMARGO,helado,chocolate,0
catam4,,,,CHOCOLATE BLANCO,helado,chocolate,0
catam4,,,,CHOCOLATE CON ALMENDRAS,helado,chocolate,0
catam4,,,,CHOCOLATE CON CEREZAS,helado,chocolate,0
catam4,,,,CHOCOLATE DUBAI,helado,chocolate,0
catam4,,,,CHOCOLATE SUIZO,helado,chocolate,0
catam4,,,,KINDOVO,helado,chocolate,0
catam4,,,,MARROC,helado,chocolate,0
catam4,,,,ALMENDRADO,helado,crema blanca,0
catam4,,,,AMERICANA,helado,crema blanca,0
catam4,,,,ARANDANO Y CASSIS,helado,crema blanca,0
catam4,,,,BANANA SPLIT,helado,crema blanca,0
catam4,,,,BANANINA,helado,crema blanca,0
catam4,,,,BISCUIT,helado,crema blanca,0
catam4,,,,CAYOTE CON NUEZ,helado,crema blanca,0
catam4,,,,CEREZA,helado,crema blanca,0
catam4,,,,COCOLECHE,helado,crema blanca,0
catam4,,,,CREMA DE CAFE,helado,crema blanca,0
catam4,,,,CREMA DE HIGO CON NUEZ,helado,crema blanca,0
catam4,,,,CREMA DEL CIELO,helado,crema blanca,0
catam4,,,,CREMA RUSA,helado,crema blanca,0
catam4,,,,DELICIA TELLO,helado,crema blanca,0
catam4,,,,FRUTILLA A LA CREMA,helado,crema blanca,0
catam4,,,,FRUTOS DEL BOSQUE,helado,crema blanca,0
catam4,,,,GRANIZADO,helado,crema blanca,0
catam4,,,,LEMON PIE,helado,crema blanca,0
catam4,,,,MANTECOL,helado,crema blanca,0
catam4,,,,MANZANAS AL OPORTO,helado,crema blanca,0
catam4,,,,MARACUYA,helado,crema blanca,0
catam4,,,,MENTA GRANIZADA,helado,crema blanca,0
catam4,,,,PANACOTTA,helado,crema blanca,0
catam4,,,,PISTACHO,helado,crema blanca,0
catam4,,,,SAMBAYON,helado,crema blanca,0
catam4,,,,TIRAMISU,helado,crema blanca,0
catam4,,,,TORTA BROWNIE,helado,crema blanca,0
catam4,,,,YOGUR GRIEGO,helado,crema blanca,0
catam4,,,,CREMA DON PEDRO,helado,crema vainilla,0
catam4,,,,CREMA FLAN,helado,crema vainilla,0
catam4,,,,KINOTOS AL WHISKY,helado,crema vainilla,0
catam4,,,,VAINILLA,helado,crema vainilla,0
catam4,,,,VAINILLA GRANIZADA,helado,crema vainilla,0
catam4,,,,CHOCOTORTA,helado,dulce de leche,0
catam4,,,,DOLCCINO,helado,dulce de leche,0
catam4,,,,DULCE DE LECHE,helado,dulce de leche,0
catam4,,,,DULCE DE LECHE BOMBON,helado,dulce de leche,0
catam4,,,,DULCE DE LECHE CON NUEZ,helado,dulce de leche,0
catam4,,,,DULCE DE LECHE GRANIZADO,helado,dulce de leche,0
catam4,,,,DULCE DE LECHE TENTACION,helado,dulce de leche,0
catam4,,,,ANANA,helado,frutas,0
catam4,,,,DURAZNO AL AGUA,helado,frutas,0
catam4,,,,FRUTILLA AL AGUA,helado,frutas,0
catam4,,,,LIMON,helado,frutas,0
catam4,,,,MANGO,helado,frutas,0
catam4,,,,Cheescake DL/ Oreo,minitortas,,0
catam4,,,,Dulccina,minitortas,,0
catam4,,,,Nutella,minitortas,,0
catam4,,,,Carita,paletas,,0
catam4,,,,Chancho,paletas,,0
catam4,,,,Clasica,paletas,,0
catam4,,,,Corazon,paletas,,0
catam4,,,,Cristal,paletas,,0
catam4,,,,Dona Banana Split,paletas,,0
catam4,,,,Dona flan,paletas,,0
catam4,,,,Dubai,paletas,,0
catam4,,,,Hello Kitty,paletas,,0
catam4,,,,Pata,paletas,,0
catam4,,,,Tango,paletas,,0
catam4,,,,Torta,paletas,,0
catam4,,,,Vaca Aurora,paletas,,0
catam4,,,,chocolatin,paletas,,0
catam4,,,,Brownie,tartas,,0
catam4,,,,Cabsha,tartas,,0
catam4,,,,Cheescake Tarta,tartas,,0
catam4,,,,Higo,tartas,,0
catam4,,,,Imperial Tarta,tartas,,0
catam4,,,,Lemon Pie Tarta,tartas,,0
catam4,,,,Maracuya Tarta,tartas,,0
catam4,,,,Mousse,tartas,,0
catam4,,,,Rocher,tartas,,0
catam4,,,,Bomba,tortas,,0
catam4,,,,Chaja,tortas,,0
catam4,,,,Imperial,tortas,,0
catam4,,,,Maria Luisa,tortas,,0
catam4,,,,Selva Negra,tortas,,0
catam4,,,,Tropical,tortas,,0
catam4,,,,BOMBON,tortas heladas,,0
catam4,,,,CHOCOOREO,tortas heladas,,0
catam4,,,,CLASICA AM/CHOC,tortas heladas,,0
catam4,,,,CLASICA VAI/ DL,tortas heladas,,0
catam4,,,,DEL AMERICANA,tortas heladas,,0
catam4,,,,DEL DULCE D LECHE,tortas heladas,,0
catam4,,,,OMELETTE,tortas heladas,,0
catam4,,,,PRIMAVERA,tortas heladas,,0
catam4,,,,VERONA,tortas heladas,,0
catam5,,,,DIET AMERICANA,diet,,0
catam5,,,,DIET ANANA,diet,,0
catam5,,,,DIET BANANA,diet,,0
catam5,,,,DIET DULCE DE LECHE,diet,,0
catam5,,,,DIET DURAZNO,diet,,0
catam5,,,,DIET VAINILLA,diet,,0
catam5,,,,BOMBON ROCHER,helado,chocolate,0
catam5,,,,CHOCOLATE,helado,chocolate,0
catam5,,,,CHOCOLATE A LA CUBANA,helado,chocolate,0
catam5,,,,CHOCOLATE AMARGO,helado,chocolate,0
catam5,,,,CHOCOLATE BLANCO,helado,chocolate,0
catam5,,,,CHOCOLATE CON ALMENDRAS,helado,chocolate,0
catam5,,,,CHOCOLATE CON CEREZAS,helado,chocolate,0
catam5,,,,CHOCOLATE DUBAI,helado,chocolate,0
catam5,,,,CHOCOLATE SUIZO,helado,chocolate,0
catam5,,,,KINDOVO,helado,chocolate,0
catam5,,,,MARROC,helado,chocolate,0
catam5,,,,ALMENDRADO,helado,crema blanca,0
catam5,,,,AMERICANA,helado,crema blanca,0
catam5,,,,ARANDANO Y CASSIS,helado,crema blanca,0
catam5,,,,BANANA SPLIT,helado,crema blanca,0
catam5,,,,BANANINA,helado,crema blanca,0
catam5,,,,BISCUIT,helado,crema blanca,0
catam5,,,,CAYOTE CON NUEZ,helado,crema blanca,0
catam5,,,,CEREZA,helado,crema blanca,0
catam5,,,,COCOLECHE,helado,crema blanca,0
catam5,,,,CREMA DE CAFE,helado,crema blanca,0
catam5,,,,CREMA DE HIGO CON NUEZ,helado,crema blanca,0
catam5,,,,CREMA DEL CIELO,helado,crema blanca,0
catam5,,,,CREMA RUSA,helado,crema blanca,0
catam5,,,,DELICIA TELLO,helado,crema blanca,0
catam5,,,,FRUTILLA A LA CREMA,helado,crema blanca,0
catam5,,,,FRUTOS DEL BOSQUE,helado,crema blanca,0
catam5,,,,GRANIZADO,helado,crema blanca,0
catam5,,,,LEMON PIE,helado,crema blanca,0
catam5,,,,MANTECOL,helado,crema blanca,0
catam5,,,,MANZANAS AL OPORTO,helado,crema blanca,0
catam5,,,,MARACUYA,helado,crema blanca,0
catam5,,,,MENTA GRANIZADA,helado,crema blanca,0
catam5,,,,PANACOTTA,helado,crema blanca,0
catam5,,,,PISTACHO,helado,crema blanca,0
catam5,,,,SAMBAYON,helado,crema blanca,0
catam5,,,,TIRAMISU,helado,crema blanca,0
catam5,,,,TORTA BROWNIE,helado,crema blanca,0
catam5,,,,YOGUR GRIEGO,helado,crema blanca,0
catam5,,,,CREMA DON PEDRO,helado,crema vainilla,0
catam5,,,,CREMA FLAN,helado,crema vainilla,0
catam5,,,,KINOTOS AL WHISKY,helado,crema vainilla,0
catam5,,,,VAINILLA,helado,crema vainilla,0
catam5,,,,VAINILLA GRANIZADA,helado,crema vainilla,0
catam5,,,,CHOCOTORTA,helado,dulce de leche,0
catam5,,,,DOLCCINO,helado,dulce de leche,0
catam5,,,,DULCE DE LECHE,helado,dulce de leche,0
catam5,,,,DULCE DE LECHE BOMBON,helado,dulce de leche,0
catam5,,,,DULCE DE LECHE CON NUEZ,helado,dulce de leche,0
catam5,,,,DULCE DE LECHE GRANIZADO,helado,dulce de leche,0
catam5,,,,DULCE DE LECHE TENTACION,helado,dulce de leche,0
catam5,,,,ANANA,helado,frutas,0
catam5,,,,DURAZNO AL AGUA,helado,frutas,0
catam5,,,,FRUTILLA AL AGUA,helado,frutas,0
catam5,,,,LIMON,helado,frutas,0
catam5,,,,MANGO,helado,frutas,0
catam5,,,,Cheescake DL/ Oreo,minitortas,,0
catam5,,,,Dulccina,minitortas,,0
catam5,,,,Nutella,minitortas,,0
catam5,,,,Carita,paletas,,0
catam5,,,,Chancho,paletas,,0
catam5,,,,Clasica,paletas,,0
catam5,,,,Corazon,paletas,,0
catam5,,,,Cristal,paletas,,0
catam5,,,,Dona Banana Split,paletas,,0
catam5,,,,Dona flan,paletas,,0
catam5,,,,Dubai,paletas,,0
catam5,,,,Hello Kitty,paletas,,0
catam5,,,,Pata,paletas,,0
catam5,,,,Tango,paletas,,0
catam5,,,,Torta,paletas,,0
catam5,,,,Vaca Aurora,paletas,,0
catam5,,,,chocolatin,paletas,,0
catam5,,,,Brownie,tartas,,0
catam5,,,,Cabsha,tartas,,0
catam5,,,,Cheescake Tarta,tartas,,0
catam5,,,,Higo,tartas,,0
catam5,,,,Imperial Tarta,tartas,,0
catam5,,,,Lemon Pie Tarta,tartas,,0
catam5,,,,Maracuya Tarta,tartas,,0
catam5,,,,Mousse,tartas,,0
catam5,,,,Rocher,tartas,,0
catam5,,,,Bomba,tortas,,0
catam5,,,,Chaja,tortas,,0
catam5,,,,Imperial,tortas,,0
catam5,,,,Maria Luisa,tortas,,0
catam5,,,,Selva Negra,tortas,,0
catam5,,,,Tropical,tortas,,0
catam5,,,,BOMBON,tortas heladas,,0
catam5,,,,CHOCOOREO,tortas heladas,,0
catam5,,,,CLASICA AM/CHOC,tortas heladas,,0
catam5,,,,CLASICA VAI/ DL,tortas heladas,,0
catam5,,,,DEL AMERICANA,tortas heladas,,0
catam5,,,,DEL DULCE D LECHE,tortas heladas,,0
catam5,,,,OMELETTE,tortas heladas,,0
catam5,,,,PRIMAVERA,tortas heladas,,0
catam5,,,,VERONA,tortas heladas,,0
monteagudo1,,,,DIET AMERICANA,diet,,0
monteagudo1,,,,DIET ANANA,diet,,0
monteagudo1,,,,DIET BANANA,diet,,0
monteagudo1,,,,DIET DULCE DE LECHE,diet,,0
monteagudo1,,,,DIET DURAZNO,diet,,0
monteagudo1,,,,DIET VAINILLA,diet,,0
monteagudo1,,,,BOMBON ROCHER,helado,chocolate,0
monteagudo1,,,,CHOCOLATE,helado,chocolate,0
monteagudo1,,,,CHOCOLATE A LA CUBANA,helado,chocolate,0
monteagudo1,,,,CHOCOLATE AMARGO,helado,chocolate,0
monteagudo1,,,,CHOCOLATE BLANCO,helado,chocolate,0
monteagudo1,,,,CHOCOLATE CON ALMENDRAS,helado,chocolate,0
monteagudo1,,,,CHOCOLATE CON CEREZAS,helado,chocolate,0
monteagudo1,,,,CHOCOLATE DUBAI,helado,chocolate,0
monteagudo1,,,,CHOCOLATE SUIZO,helado,chocolate,0
monteagudo1,,,,KINDOVO,helado,chocolate,0
monteagudo1,,,,MARROC,helado,chocolate,0
monteagudo1,,,,ALMENDRADO,helado,crema blanca,0
monteagudo1,,,,AMERICANA,helado,crema blanca,0
monteagudo1,,,,ARANDANO Y CASSIS,helado,crema blanca,0
monteagudo1,,,,BANANA SPLIT,helado,crema blanca,0
monteagudo1,,,,BANANINA,helado,crema blanca,0
monteagudo1,,,,BISCUIT,helado,crema blanca,0
monteagudo1,,,,CAYOTE CON NUEZ,helado,crema blanca,0
monteagudo1,,,,CEREZA,helado,crema blanca,0
monteagudo1,,,,COCOLECHE,helado,crema blanca,0
monteagudo1,,,,CREMA DE CAFE,helado,crema blanca,0
monteagudo1,,,,CREMA DE HIGO CON NUEZ,helado,crema blanca,0
monteagudo1,,,,CREMA DEL CIELO,helado,crema blanca,0
monteagudo1,,,,CREMA RUSA,helado,crema blanca,0
monteagudo1,,,,DELICIA TELLO,helado,crema blanca,0
monteagudo1,,,,FRUTILLA A LA CREMA,helado,crema blanca,0
monteagudo1,,,,FRUTOS DEL BOSQUE,helado,crema blanca,0
monteagudo1,,,,GRANIZADO,helado,crema blanca,0
monteagudo1,,,,LEMON PIE,helado,crema blanca,0
monteagudo1,,,,MANTECOL,helado,crema blanca,0
monteagudo1,,,,MANZANAS AL OPORTO,helado,crema blanca,0
monteagudo1,,,,MARACUYA,helado,crema blanca,0
monteagudo1,,,,MENTA GRANIZADA,helado,crema blanca,0
monteagudo1,,,,PANACOTTA,helado,crema blanca,0
monteagudo1,,,,PISTACHO,helado,crema blanca,0
monteagudo1,,,,SAMBAYON,helado,crema blanca,0
monteagudo1,,,,TIRAMISU,helado,crema blanca,0
monteagudo1,,,,TORTA BROWNIE,helado,crema blanca,0
monteagudo1,,,,YOGUR GRIEGO,helado,crema blanca,0
monteagudo1,,,,CREMA DON PEDRO,helado,crema vainilla,0
monteagudo1,,,,CREMA FLAN,helado,crema vainilla,0
monteagudo1,,,,KINOTOS AL WHISKY,helado,crema vainilla,0
monteagudo1,,,,VAINILLA,helado,crema vainilla,0
monteagudo1,,,,VAINILLA GRANIZADA,helado,crema vainilla,0
monteagudo1,,,,CHOCOTORTA,helado,dulce de leche,0
monteagudo1,,,,DOLCCINO,helado,dulce de leche,0
monteagudo1,,,,DULCE DE LECHE,helado,dulce de leche,0
monteagudo1,,,,DULCE DE LECHE BOMBON,helado,dulce de leche,0
monteagudo1,,,,DULCE DE LECHE CON NUEZ,helado,dulce de leche,0
monteagudo1,,,,DULCE DE LECHE GRANIZADO,helado,dulce de leche,0
monteagudo1,,,,DULCE DE LECHE TENTACION,helado,dulce de leche,0
monteagudo1,,,,ANANA,helado,frutas,0
monteagudo1,,,,DURAZNO AL AGUA,helado,frutas,0
monteagudo1,,,,FRUTILLA AL AGUA,helado,frutas,0
monteagudo1,,,,LIMON,helado,frutas,0
monteagudo1,,,,MANGO,helado,frutas,0
monteagudo1,,,,Cheescake DL/ Oreo,minitortas,,0
monteagudo1,,,,Dulccina,minitortas,,0
monteagudo1,,,,Nutella,minitortas,,0
monteagudo1,,,,Carita,paletas,,0
monteagudo1,,,,Chancho,paletas,,0
monteagudo1,,,,Clasica,paletas,,0
monteagudo1,,,,Corazon,paletas,,0
monteagudo1,,,,Cristal,paletas,,0
monteagudo1,,,,Dona Banana Split,paletas,,0
monteagudo1,,,,Dona flan,paletas,,0
monteagudo1,,,,Dubai,paletas,,0
monteagudo1,,,,Hello Kitty,paletas,,0
monteagudo1,,,,Pata,paletas,,0
monteagudo1,,,,Tango,paletas,,0
monteagudo1,,,,Torta,paletas,,0
monteagudo1,,,,Vaca Aurora,paletas,,0
monteagudo1,,,,chocolatin,paletas,,0
monteagudo1,,,,Brownie,tartas,,0
monteagudo1,,,,Cabsha,tartas,,0
monteagudo1,,,,Cheescake Tarta,tartas,,0
monteagudo1,,,,Higo,tartas,,0
monteagudo1,,,,Imperial Tarta,tartas,,0
monteagudo1,,,,Lemon Pie Tarta,tartas,,0
monteagudo1,,,,Maracuya Tarta,tartas,,0
monteagudo1,,,,Mousse,tartas,,0
monteagudo1,,,,Rocher,tartas,,0
monteagudo1,,,,Bomba,tortas,,0
monteagudo1,,,,Chaja,tortas,,0
monteagudo1,,,,Imperial,tortas,,0
monteagudo1,,,,Maria Luisa,tortas,,0
monteagudo1,,,,Selva Negra,tortas,,0
monteagudo1,,,,Tropical,tortas,,0
monteagudo1,,,,BOMBON,tortas heladas,,0
monteagudo1,,,,CHOCOOREO,tortas heladas,,0
monteagudo1,,,,CLASICA AM/CHOC,tortas heladas,,0
monteagudo1,,,,CLASICA VAI/ DL,tortas heladas,,0
monteagudo1,,,,DEL AMERICANA,tortas heladas,,0
monteagudo1,,,,DEL DULCE D LECHE,tortas heladas,,0
monteagudo1,,,,OMELETTE,tortas heladas,,0
monteagudo1,,,,PRIMAVERA,tortas heladas,,0
monteagudo1,,,,VERONA,tortas heladas,,0
monteagudo2,,,,DIET AMERICANA,diet,,0
monteagudo2,,,,DIET ANANA,diet,,0
monteagudo2,,,,DIET BANANA,diet,,0
monteagudo2,,,,DIET DULCE DE LECHE,diet,,0
monteagudo2,,,,DIET DURAZNO,diet,,0
monteagudo2,,,,DIET VAINILLA,diet,,0
monteagudo2,,,,BOMBON ROCHER,helado,chocolate,0
monteagudo2,,,,CHOCOLATE,helado,chocolate,0
monteagudo2,,,,CHOCOLATE A LA CUBANA,helado,chocolate,0
monteagudo2,,,,CHOCOLATE AMARGO,helado,chocolate,0
monteagudo2,,,,CHOCOLATE BLANCO,helado,chocolate,0
monteagudo2,,,,CHOCOLATE CON ALMENDRAS,helado,chocolate,0
monteagudo2,,,,CHOCOLATE CON CEREZAS,helado,chocolate,0
monteagudo2,,,,CHOCOLATE DUBAI,helado,chocolate,0
monteagudo2,,,,CHOCOLATE SUIZO,helado,chocolate,0
monteagudo2,,,,KINDOVO,helado,chocolate,0
monteagudo2,,,,MARROC,helado,chocolate,0
monteagudo2,,,,ALMENDRADO,helado,crema blanca,0
monteagudo2,,,,AMERICANA,helado,crema blanca,0
monteagudo2,,,,ARANDANO Y CASSIS,helado,crema blanca,0
monteagudo2,,,,BANANA SPLIT,helado,crema blanca,0
monteagudo2,,,,BANANINA,helado,crema blanca,0
monteagudo2,,,,BISCUIT,helado,crema blanca,0
monteagudo2,,,,CAYOTE CON NUEZ,helado,crema blanca,0
monteagudo2,,,,CEREZA,helado,crema blanca,0
monteagudo2,,,,COCOLECHE,helado,crema blanca,0
monteagudo2,,,,CREMA DE CAFE,helado,crema blanca,0
monteagudo2,,,,CREMA DE HIGO CON NUEZ,helado,crema blanca,0
monteagudo2,,,,CREMA DEL CIELO,helado,crema blanca,0
monteagudo2,,,,CREMA RUSA,helado,crema blanca,0
monteagudo2,,,,DELICIA TELLO,helado,crema blanca,0
monteagudo2,,,,FRUTILLA A LA CREMA,helado,crema blanca,0
monteagudo2,,,,FRUTOS DEL BOSQUE,helado,crema blanca,0
monteagudo2,,,,GRANIZADO,helado,crema blanca,0
monteagudo2,,,,LEMON PIE,helado,crema blanca,0
monteagudo2,,,,MANTECOL,helado,crema blanca,0
monteagudo2,,,,MANZANAS AL OPORTO,helado,crema blanca,0
monteagudo2,,,,MARACUYA,helado,crema blanca,0
monteagudo2,,,,MENTA GRANIZADA,helado,crema blanca,0
monteagudo2,,,,PANACOTTA,helado,crema blanca,0
monteagudo2,,,,PISTACHO,helado,crema blanca,0
monteagudo2,,,,SAMBAYON,helado,crema blanca,0
monteagudo2,,,,TIRAMISU,helado,crema blanca,0
monteagudo2,,,,TORTA BROWNIE,helado,crema blanca,0
monteagudo2,,,,YOGUR GRIEGO,helado,crema blanca,0
monteagudo2,,,,CREMA DON PEDRO,helado,crema vainilla,0
monteagudo2,,,,CREMA FLAN,helado,crema vainilla,0
monteagudo2,,,,KINOTOS AL WHISKY,helado,crema vainilla,0
monteagudo2,,,,VAINILLA,helado,crema vainilla,0
monteagudo2,,,,VAINILLA GRANIZADA,helado,crema vainilla,0
monteagudo2,,,,CHOCOTORTA,helado,dulce de leche,0
monteagudo2,,,,DOLCCINO,helado,dulce de leche,0
monteagudo2,,,,DULCE DE LECHE,helado,dulce de leche,0
monteagudo2,,,,DULCE DE LECHE BOMBON,helado,dulce de leche,0
monteagudo2,,,,DULCE DE LECHE CON NUEZ,helado,dulce de leche,0
monteagudo2,,,,DULCE DE LECHE GRANIZADO,helado,dulce de leche,0
monteagudo2,,,,DULCE DE LECHE TENTACION,helado,dulce de leche,0
monteagudo2,,,,ANANA,helado,frutas,0
monteagudo2,,,,DURAZNO AL AGUA,helado,frutas,0
monteagudo2,,,,FRUTILLA AL AGUA,helado,frutas,0
monteagudo2,,,,LIMON,helado,frutas,0
monteagudo2,,,,MANGO,helado,frutas,0
monteagudo2,,,,Cheescake DL/ Oreo,minitortas,,0
monteagudo2,,,,Dulccina,minitortas,,0
monteagudo2,,,,Nutella,minitortas,,0
monteagudo2,,,,Carita,paletas,,0
monteagudo2,,,,Chancho,paletas,,0
monteagudo2,,,,Clasica,paletas,,0
monteagudo2,,,,Corazon,paletas,,0
monteagudo2,,,,Cristal,paletas,,0
monteagudo2,,,,Dona Banana Split,paletas,,0
monteagudo2,,,,Dona flan,paletas,,0
monteagudo2,,,,Dubai,paletas,,0
monteagudo2,,,,Hello Kitty,paletas,,0
monteagudo2,,,,Pata,paletas,,0
monteagudo2,,,,Tango,paletas,,0
monteagudo2,,,,Torta,paletas,,0
monteagudo2,,,,Vaca Aurora,paletas,,0
monteagudo2,,,,chocolatin,paletas,,0
monteagudo2,,,,Brownie,tartas,,0
monteagudo2,,,,Cabsha,tartas,,0
monteagudo2,,,,Cheescake Tarta,tartas,,0
monteagudo2,,,,Higo,tartas,,0
monteagudo2,,,,Imperial Tarta,tartas,,0
monteagudo2,,,,Lemon Pie Tarta,tartas,,0
monteagudo2,,,,Maracuya Tarta,tartas,,0
monteagudo2,,,,Mousse,tartas,,0
monteagudo2,,,,Rocher,tartas,,0
monteagudo2,,,,Bomba,tortas,,0
monteagudo2,,,,Chaja,tortas,,0
monteagudo2,,,,Imperial,tortas,,0
monteagudo2,,,,Maria Luisa,tortas,,0
monteagudo2,,,,Selva Negra,tortas,,0
monteagudo2,,,,Tropical,tortas,,0
monteagudo2,,,,BOMBON,tortas heladas,,0
monteagudo2,,,,CHOCOOREO,tortas heladas,,0
monteagudo2,,,,CLASICA AM/CHOC,tortas heladas,,0
monteagudo2,,,,CLASICA VAI/ DL,tortas heladas,,0
monteagudo2,,,,DEL AMERICANA,tortas heladas,,0
monteagudo2,,,,DEL DULCE D LECHE,tortas heladas,,0
monteagudo2,,,,OMELETTE,tortas heladas,,0
monteagudo2,,,,PRIMAVERA,tortas heladas,,0
monteagudo2,,,,VERONA,tortas heladas,,0
monteagudo3,,,,DIET AMERICANA,diet,,0
monteagudo3,,,,DIET ANANA,diet,,0
monteagudo3,,,,DIET BANANA,diet,,0
monteagudo3,,,,DIET DULCE DE LECHE,diet,,0
monteagudo3,,,,DIET DURAZNO,diet,,0
monteagudo3,,,,DIET VAINILLA,diet,,0
monteagudo3,,,,BOMBON ROCHER,helado,chocolate,0
monteagudo3,,,,CHOCOLATE,helado,chocolate,0
monteagudo3,,,,CHOCOLATE A LA CUBANA,helado,chocolate,0
monteagudo3,,,,CHOCOLATE AMARGO,helado,chocolate,0
monteagudo3,,,,CHOCOLATE BLANCO,helado,chocolate,0
monteagudo3,,,,CHOCOLATE CON ALMENDRAS,helado,chocolate,0
monteagudo3,,,,CHOCOLATE CON CEREZAS,helado,chocolate,0
monteagudo3,,,,CHOCOLATE DUBAI,helado,chocolate,0
monteagudo3,,,,CHOCOLATE SUIZO,helado,chocolate,0
monteagudo3,,,,KINDOVO,helado,chocolate,0
monteagudo3,,,,MARROC,helado,chocolate,0
monteagudo3,,,,ALMENDRADO,helado,crema blanca,0
monteagudo3,,,,AMERICANA,helado,crema blanca,0
monteagudo3,,,,ARANDANO Y CASSIS,helado,crema blanca,0
monteagudo3,,,,BANANA SPLIT,helado,crema blanca,0
monteagudo3,,,,BANANINA,helado,crema blanca,0
monteagudo3,,,,BISCUIT,helado,crema blanca,0
monteagudo3,,,,CAYOTE CON NUEZ,helado,crema blanca,0
monteagudo3,,,,CEREZA,helado,crema blanca,0
monteagudo3,,,,COCOLECHE,helado,crema blanca,0
monteagudo3,,,,CREMA DE CAFE,helado,crema blanca,0
monteagudo3,,,,CREMA DE HIGO CON NUEZ,helado,crema blanca,0
monteagudo3,,,,CREMA DEL CIELO,helado,crema blanca,0
monteagudo3,,,,CREMA RUSA,helado,crema blanca,0
monteagudo3,,,,DELICIA TELLO,helado,crema blanca,0
monteagudo3,,,,FRUTILLA A LA CREMA,helado,crema blanca,0
monteagudo3,,,,FRUTOS DEL BOSQUE,helado,crema blanca,0
monteagudo3,,,,GRANIZADO,helado,crema blanca,0
monteagudo3,,,,LEMON PIE,helado,crema blanca,0
monteagudo3,,,,MANTECOL,helado,crema blanca,0
monteagudo3,,,,MANZANAS AL OPORTO,helado,crema blanca,0
monteagudo3,,,,MARACUYA,helado,crema blanca,0
monteagudo3,,,,MENTA GRANIZADA,helado,crema blanca,0
monteagudo3,,,,PANACOTTA,helado,crema blanca,0
monteagudo3,,,,PISTACHO,helado,crema blanca,0
monteagudo3,,,,SAMBAYON,helado,crema blanca,0
monteagudo3,,,,TIRAMISU,helado,crema blanca,0
monteagudo3,,,,TORTA BROWNIE,helado,crema blanca,0
monteagudo3,,,,YOGUR GRIEGO,helado,crema blanca,0
monteagudo3,,,,CREMA DON PEDRO,helado,crema vainilla,0
monteagudo3,,,,CREMA FLAN,helado,crema vainilla,0
monteagudo3,,,,KINOTOS AL WHISKY,helado,crema vainilla,0
monteagudo3,,,,VAINILLA,helado,crema vainilla,0
monteagudo3,,,,VAINILLA GRANIZADA,helado,crema vainilla,0
monteagudo3,,,,CHOCOTORTA,helado,dulce de leche,0
monteagudo3,,,,DOLCCINO,helado,dulce de leche,0
monteagudo3,,,,DULCE DE LECHE,helado,dulce de leche,0
monteagudo3,,,,DULCE DE LECHE BOMBON,helado,dulce de leche,0
monteagudo3,,,,DULCE DE LECHE CON NUEZ,helado,dulce de leche,0
monteagudo3,,,,DULCE DE LECHE GRANIZADO,helado,dulce de leche,0
monteagudo3,,,,DULCE DE LECHE TENTACION,helado,dulce de leche,0
monteagudo3,,,,ANANA,helado,frutas,0
monteagudo3,,,,DURAZNO AL AGUA,helado,frutas,0
monteagudo3,,,,FRUTILLA AL AGUA,helado,frutas,0
monteagudo3,,,,LIMON,helado,frutas,0
monteagudo3,,,,MANGO,helado,frutas,0
monteagudo3,,,,Cheescake DL/ Oreo,minitortas,,0
monteagudo3,,,,Dulccina,minitortas,,0
monteagudo3,,,,Nutella,minitortas,,0
monteagudo3,,,,Carita,paletas,,0
monteagudo3,,,,Chancho,paletas,,0
monteagudo3,,,,Clasica,paletas,,0
monteagudo3,,,,Corazon,paletas,,0
monteagudo3,,,,Cristal,paletas,,0
monteagudo3,,,,Dona Banana Split,paletas,,0
monteagudo3,,,,Dona flan,paletas,,0
monteagudo3,,,,Dubai,paletas,,0
monteagudo3,,,,Hello Kitty,paletas,,0
monteagudo3,,,,Pata,paletas,,0
monteagudo3,,,,Tango,paletas,,0
monteagudo3,,,,Torta,paletas,,0
monteagudo3,,,,Vaca Aurora,paletas,,0
monteagudo3,,,,chocolatin,paletas,,0
monteagudo3,,,,Brownie,tartas,,0
monteagudo3,,,,Cabsha,tartas,,0
monteagudo3,,,,Cheescake Tarta,tartas,,0
monteagudo3,,,,Higo,tartas,,0
monteagudo3,,,,Imperial Tarta,tartas,,0
monteagudo3,,,,Lemon Pie Tarta,tartas,,0
monteagudo3,,,,Maracuya Tarta,tartas,,0
monteagudo3,,,,Mousse,tartas,,0
monteagudo3,,,,Rocher,tartas,,0
monteagudo3,,,,Bomba,tortas,,0
monteagudo3,,,,Chaja,tortas,,0
monteagudo3,,,,Imperial,tortas,,0
monteagudo3,,,,Maria Luisa,tortas,,0
monteagudo3,,,,Selva Negra,tortas,,0
monteagudo3,,,,Tropical,tortas,,0
monteagudo3,,,,BOMBON,tortas heladas,,0
monteagudo3,,,,CHOCOOREO,tortas heladas,,0
monteagudo3,,,,CLASICA AM/CHOC,tortas heladas,,0
monteagudo3,,,,CLASICA VAI/ DL,tortas heladas,,0
monteagudo3,,,,DEL AMERICANA,tortas heladas,,0
monteagudo3,,,,DEL DULCE D LECHE,tortas heladas,,0
monteagudo3,,,,OMELETTE,tortas heladas,,0
monteagudo3,,,,PRIMAVERA,tortas heladas,,0
monteagudo3,,,,VERONA,tortas heladas,,0
monteagudo4,,,,DIET AMERICANA,diet,,0
monteagudo4,,,,DIET ANANA,diet,,0
monteagudo4,,,,DIET BANANA,diet,,0
monteagudo4,,,,DIET DULCE DE LECHE,diet,,0
monteagudo4,,,,DIET DURAZNO,diet,,0
monteagudo4,,,,DIET VAINILLA,diet,,0
monteagudo4,,,,BOMBON ROCHER,helado,chocolate,0
monteagudo4,,,,CHOCOLATE,helado,chocolate,0
monteagudo4,,,,CHOCOLATE A LA CUBANA,helado,chocolate,0
monteagudo4,,,,CHOCOLATE AMARGO,helado,chocolate,0
monteagudo4,,,,CHOCOLATE BLANCO,helado,chocolate,0
monteagudo4,,,,CHOCOLATE CON ALMENDRAS,helado,chocolate,0
monteagudo4,,,,CHOCOLATE CON CEREZAS,helado,chocolate,0
monteagudo4,,,,CHOCOLATE DUBAI,helado,chocolate,0
monteagudo4,,,,CHOCOLATE SUIZO,helado,chocolate,0
monteagudo4,,,,KINDOVO,helado,chocolate,0
monteagudo4,,,,MARROC,helado,chocolate,0
monteagudo4,,,,ALMENDRADO,helado,crema blanca,0
monteagudo4,,,,AMERICANA,helado,crema blanca,0
monteagudo4,,,,ARANDANO Y CASSIS,helado,crema blanca,0
monteagudo4,,,,BANANA SPLIT,helado,crema blanca,0
monteagudo4,,,,BANANINA,helado,crema blanca,0
monteagudo4,,,,BISCUIT,helado,crema blanca,0
monteagudo4,,,,CAYOTE CON NUEZ,helado,crema blanca,0
monteagudo4,,,,CEREZA,helado,crema blanca,0
monteagudo4,,,,COCOLECHE,helado,crema blanca,0
monteagudo4,,,,CREMA DE CAFE,helado,crema blanca,0
monteagudo4,,,,CREMA DE HIGO CON NUEZ,helado,crema blanca,0
monteagudo4,,,,CREMA DEL CIELO,helado,crema blanca,0
monteagudo4,,,,CREMA RUSA,helado,crema blanca,0
monteagudo4,,,,DELICIA TELLO,helado,crema blanca,0
monteagudo4,,,,FRUTILLA A LA CREMA,helado,crema blanca,0
monteagudo4,,,,FRUTOS DEL BOSQUE,helado,crema blanca,0
monteagudo4,,,,GRANIZADO,helado,crema blanca,0
monteagudo4,,,,LEMON PIE,helado,crema blanca,0
monteagudo4,,,,MANTECOL,helado,crema blanca,0
monteagudo4,,,,MANZANAS AL OPORTO,helado,crema blanca,0
monteagudo4,,,,MARACUYA,helado,crema blanca,0
monteagudo4,,,,MENTA GRANIZADA,helado,crema blanca,0
monteagudo4,,,,PANACOTTA,helado,crema blanca,0
monteagudo4,,,,PISTACHO,helado,crema blanca,0
monteagudo4,,,,SAMBAYON,helado,crema blanca,0
monteagudo4,,,,TIRAMISU,helado,crema blanca,0
monteagudo4,,,,TORTA BROWNIE,helado,crema blanca,0
monteagudo4,,,,YOGUR GRIEGO,helado,crema blanca,0
monteagudo4,,,,CREMA DON PEDRO,helado,crema vainilla,0
monteagudo4,,,,CREMA FLAN,helado,crema vainilla,0
monteagudo4,,,,KINOTOS AL WHISKY,helado,crema vainilla,0
monteagudo4,,,,VAINILLA,helado,crema vainilla,0
monteagudo4,,,,VAINILLA GRANIZADA,helado,crema vainilla,0
monteagudo4,,,,CHOCOTORTA,helado,dulce de leche,0
monteagudo4,,,,DOLCCINO,helado,dulce de leche,0
monteagudo4,,,,DULCE DE LECHE,helado,dulce de leche,0
monteagudo4,,,,DULCE DE LECHE BOMBON,helado,dulce de leche,0
monteagudo4,,,,DULCE DE LECHE CON NUEZ,helado,dulce de leche,0
monteagudo4,,,,DULCE DE LECHE GRANIZADO,helado,dulce de leche,0
monteagudo4,,,,DULCE DE LECHE TENTACION,helado,dulce de leche,0
monteagudo4,,,,ANANA,helado,frutas,0
monteagudo4,,,,DURAZNO AL AGUA,helado,frutas,0
monteagudo4,,,,FRUTILLA AL AGUA,helado,frutas,0
monteagudo4,,,,LIMON,helado,frutas,0
monteagudo4,,,,MANGO,helado,frutas,0
monteagudo4,,,,Cheescake DL/ Oreo,minitortas,,0
monteagudo4,,,,Dulccina,minitortas,,0
monteagudo4,,,,Nutella,minitortas,,0
monteagudo4,,,,Carita,paletas,,0
monteagudo4,,,,Chancho,paletas,,0
monteagudo4,,,,Clasica,paletas,,0
monteagudo4,,,,Corazon,paletas,,0
monteagudo4,,,,Cristal,paletas,,0
monteagudo4,,,,Dona Banana Split,paletas,,0
monteagudo4,,,,Dona flan,paletas,,0
monteagudo4,,,,Dubai,paletas,,0
monteagudo4,,,,Hello Kitty,paletas,,0
monteagudo4,,,,Pata,paletas,,0
monteagudo4,,,,Tango,paletas,,0
monteagudo4,,,,Torta,paletas,,0
monteagudo4,,,,Vaca Aurora,paletas,,0
monteagudo4,,,,chocolatin,paletas,,0
monteagudo4,,,,Brownie,tartas,,0
monteagudo4,,,,Cabsha,tartas,,0
monteagudo4,,,,Cheescake Tarta,tartas,,0
monteagudo4,,,,Higo,tartas,,0
monteagudo4,,,,Imperial Tarta,tartas,,0
monteagudo4,,,,Lemon Pie Tarta,tartas,,0
monteagudo4,,,,Maracuya Tarta,tartas,,0
monteagudo4,,,,Mousse,tartas,,0
monteagudo4,,,,Rocher,tartas,,0
monteagudo4,,,,Bomba,tortas,,0
monteagudo4,,,,Chaja,tortas,,0
monteagudo4,,,,Imperial,tortas,,0
monteagudo4,,,,Maria Luisa,tortas,,0
monteagudo4,,,,Selva Negra,tortas,,0
monteagudo4,,,,Tropical,tortas,,0
monteagudo4,,,,BOMBON,tortas heladas,,0
monteagudo4,,,,CHOCOOREO,tortas heladas,,0
monteagudo4,,,,CLASICA AM/CHOC,tortas heladas,,0
monteagudo4,,,,CLASICA VAI/ DL,tortas heladas,,0
monteagudo4,,,,DEL AMERICANA,tortas heladas,,0
monteagudo4,,,,DEL DULCE D LECHE,tortas heladas,,0
monteagudo4,,,,OMELETTE,tortas heladas,,0
monteagudo4,,,,PRIMAVERA,tortas heladas,,0
monteagudo4,,,,VERONA,tortas heladas,,0
sept1,,,,DIET AMERICANA,diet,,0
sept1,,,,DIET ANANA,diet,,0
sept1,,,,DIET BANANA,diet,,0
sept1,,,,DIET DULCE DE LECHE,diet,,0
sept1,,,,DIET DURAZNO,diet,,0
sept1,,,,DIET VAINILLA,diet,,0
sept1,,,,BOMBON ROCHER,helado,chocolate,0
sept1,,,,CHOCOLATE,helado,chocolate,0
sept1,,,,CHOCOLATE A LA CUBANA,helado,chocolate,0
sept1,,,,CHOCOLATE AMARGO,helado,chocolate,0
sept1,,,,CHOCOLATE BLANCO,helado,chocolate,0
sept1,,,,CHOCOLATE CON ALMENDRAS,helado,chocolate,0
sept1,,,,CHOCOLATE CON CEREZAS,helado,chocolate,0
sept1,,,,CHOCOLATE DUBAI,helado,chocolate,0
sept1,,,,CHOCOLATE SUIZO,helado,chocolate,0
sept1,,,,KINDOVO,helado,chocolate,0
sept1,,,,MARROC,helado,chocolate,0
sept1,,,,ALMENDRADO,helado,crema blanca,0
sept1,,,,AMERICANA,helado,crema blanca,0
sept1,,,,ARANDANO Y CASSIS,helado,crema blanca,0
sept1,,,,BANANA SPLIT,helado,crema blanca,0
sept1,,,,BANANINA,helado,crema blanca,0
sept1,,,,BISCUIT,helado,crema blanca,0
sept1,,,,CAYOTE CON NUEZ,helado,crema blanca,0
sept1,,,,CEREZA,helado,crema blanca,0
sept1,,,,COCOLECHE,helado,crema blanca,0
sept1,,,,CREMA DE CAFE,helado,crema blanca,0
sept1,,,,CREMA DE HIGO CON NUEZ,helado,crema blanca,0
sept1,,,,CREMA DEL CIELO,helado,crema blanca,0
sept1,,,,CREMA RUSA,helado,crema blanca,0
sept1,,,,DELICIA TELLO,helado,crema blanca,0
sept1,,,,FRUTILLA A LA CREMA,helado,crema blanca,0
sept1,,,,FRUTOS DEL BOSQUE,helado,crema blanca,0
sept1,,,,GRANIZADO,helado,crema blanca,0
sept1,,,,LEMON PIE,helado,crema blanca,0
sept1,,,,MANTECOL,helado,crema blanca,0
sept1,,,,MANZANAS AL OPORTO,helado,crema blanca,0
sept1,,,,MARACUYA,helado,crema blanca,0
sept1,,,,MENTA GRANIZADA,helado,crema blanca,0
sept1,,,,PANACOTTA,helado,crema blanca,0
sept1,,,,PISTACHO,helado,crema blanca,0
sept1,,,,SAMBAYON,helado,crema blanca,0
sept1,,,,TIRAMISU,helado,crema blanca,0
sept1,,,,TORTA BROWNIE,helado,crema blanca,0
sept1,,,,YOGUR GRIEGO,helado,crema blanca,0
sept1,,,,CREMA DON PEDRO,helado,crema vainilla,0
sept1,,,,CREMA FLAN,helado,crema vainilla,0
sept1,,,,KINOTOS AL WHISKY,helado,crema vainilla,0
sept1,,,,VAINILLA,helado,crema vainilla,0
sept1,,,,VAINILLA GRANIZADA,helado,crema vainilla,0
sept1,,,,CHOCOTORTA,helado,dulce de leche,0
sept1,,,,DOLCCINO,helado,dulce de leche,0
sept1,,,,DULCE DE LECHE,helado,dulce de leche,0
sept1,,,,DULCE DE LECHE BOMBON,helado,dulce de leche,0
sept1,,,,DULCE DE LECHE CON NUEZ,helado,dulce de leche,0
sept1,,,,DULCE DE LECHE GRANIZADO,helado,dulce de leche,0
sept1,,,,DULCE DE LECHE TENTACION,helado,dulce de leche,0
sept1,,,,ANANA,helado,frutas,0
sept1,,,,DURAZNO AL AGUA,helado,frutas,0
sept1,,,,FRUTILLA AL AGUA,helado,frutas,0
sept1,,,,LIMON,helado,frutas,0
sept1,,,,MANGO,helado,frutas,0
sept1,,,,Cheescake DL/ Oreo,minitortas,,0
sept1,,,,Dulccina,minitortas,,0
sept1,,,,Nutella,minitortas,,0
sept1,,,,Chancho,paletas,,0
sept1,,,,Clasica,paletas,,0
sept1,,,,Corazon,paletas,,0
sept1,,,,Cristal,paletas,,0
sept1,,,,Dona flan,paletas,,0
sept1,,,,Dubai,paletas,,0
sept1,,,,Hello Kitty,paletas,,0
sept1,,,,Pata,paletas,,0
sept1,,,,Tango,paletas,,0
sept1,,,,Vaca Aurora,paletas,,0
sept1,,,,chocolatin,paletas,,0
sept1,,,,Brownie,tartas,,0
sept1,,,,Cabsha,tartas,,0
sept1,,,,Cheescake Tarta,tartas,,0
sept1,,,,Higo,tartas,,0
sept1,,,,Imperial Tarta,tartas,,0
sept1,,,,Lemon Pie Tarta,tartas,,0
sept1,,,,Maracuya Tarta,tartas,,0
sept1,,,,Mousse,tartas,,0
sept1,,,,Rocher,tartas,,0
sept1,,,,Bomba,tortas,,0
sept1,,,,Chaja,tortas,,0
sept1,,,,Imperial,tortas,,0
sept1,,,,Maria Luisa,tortas,,0
sept1,,,,Selva Negra,tortas,,0
sept1,,,,Tropical,tortas,,0
sept1,,,,BOMBON,tortas heladas,,0
sept1,,,,CHOCOOREO,tortas heladas,,0
sept1,,,,CLASICA AM/CHOC,tortas heladas,,0
sept1,,,,CLASICA VAI/ DL,tortas heladas,,0
sept1,,,,DEL AMERICANA,tortas heladas,,0
sept1,,,,DEL DULCE D LECHE,tortas heladas,,0
sept1,,,,OMELETTE,tortas heladas,,0
sept1,,,,PRIMAVERA,tortas heladas,,0
sept1,,,,VERONA,tortas heladas,,0
sept2,,,,DIET AMERICANA,diet,,0
sept2,,,,DIET ANANA,diet,,0
sept2,,,,DIET BANANA,diet,,0
sept2,,,,DIET DULCE DE LECHE,diet,,0
sept2,,,,DIET DURAZNO,diet,,0
sept2,,,,DIET VAINILLA,diet,,0
sept2,,,,BOMBON ROCHER,helado,chocolate,0
sept2,,,,CHOCOLATE,helado,chocolate,0
sept2,,,,CHOCOLATE A LA CUBANA,helado,chocolate,0
sept2,,,,CHOCOLATE AMARGO,helado,chocolate,0
sept2,,,,CHOCOLATE BLANCO,helado,chocolate,0
sept2,,,,CHOCOLATE CON ALMENDRAS,helado,chocolate,0
sept2,,,,CHOCOLATE CON CEREZAS,helado,chocolate,0
sept2,,,,CHOCOLATE DUBAI,helado,chocolate,0
sept2,,,,CHOCOLATE SUIZO,helado,chocolate,0
sept2,,,,KINDOVO,helado,chocolate,0
sept2,,,,MARROC,helado,chocolate,0
sept2,,,,ALMENDRADO,helado,crema blanca,0
sept2,,,,AMERICANA,helado,crema blanca,0
sept2,,,,ARANDANO Y CASSIS,helado,crema blanca,0
sept2,,,,BANANA SPLIT,helado,crema blanca,0
sept2,,,,BANANINA,helado,crema blanca,0
sept2,,,,BISCUIT,helado,crema blanca,0
sept2,,,,CAYOTE CON NUEZ,helado,crema blanca,0
sept2,,,,CEREZA,helado,crema blanca,0
sept2,,,,COCOLECHE,helado,crema blanca,0
sept2,,,,CREMA DE CAFE,helado,crema blanca,0
sept2,,,,CREMA DE HIGO CON NUEZ,helado,crema blanca,0
sept2,,,,CREMA DEL CIELO,helado,crema blanca,0
sept2,,,,CREMA RUSA,helado,crema blanca,0
sept2,,,,DELICIA TELLO,helado,crema blanca,0
sept2,,,,FRUTILLA A LA CREMA,helado,crema blanca,0
sept2,,,,FRUTOS DEL BOSQUE,helado,crema blanca,0
sept2,,,,GRANIZADO,helado,crema blanca,0
sept2,,,,LEMON PIE,helado,crema blanca,0
sept2,,,,MANTECOL,helado,crema blanca,0
sept2,,,,MANZANAS AL OPORTO,helado,crema blanca,0
sept2,,,,MARACUYA,helado,crema blanca,0
sept2,,,,MENTA GRANIZADA,helado,crema blanca,0
sept2,,,,PANACOTTA,helado,crema blanca,0
sept2,,,,PISTACHO,helado,crema blanca,0
sept2,,,,SAMBAYON,helado,crema blanca,0
sept2,,,,TIRAMISU,helado,crema blanca,0
sept2,,,,TORTA BROWNIE,helado,crema blanca,0
sept2,,,,YOGUR GRIEGO,helado,crema blanca,0
sept2,,,,CREMA DON PEDRO,helado,crema vainilla,0
sept2,,,,CREMA FLAN,helado,crema vainilla,0
sept2,,,,KINOTOS AL WHISKY,helado,crema vainilla,0
sept2,,,,VAINILLA,helado,crema vainilla,0
sept2,,,,VAINILLA GRANIZADA,helado,crema vainilla,0
sept2,,,,CHOCOTORTA,helado,dulce de leche,0
sept2,,,,DOLCCINO,helado,dulce de leche,0
sept2,,,,DULCE DE LECHE,helado,dulce de leche,0
sept2,,,,DULCE DE LECHE BOMBON,helado,dulce de leche,0
sept2,,,,DULCE DE LECHE CON NUEZ,helado,dulce de leche,0
sept2,,,,DULCE DE LECHE GRANIZADO,helado,dulce de leche,0
sept2,,,,DULCE DE LECHE TENTACION,helado,dulce de leche,0
sept2,,,,ANANA,helado,frutas,0
sept2,,,,DURAZNO AL AGUA,helado,frutas,0
sept2,,,,FRUTILLA AL AGUA,helado,frutas,0
sept2,,,,LIMON,helado,frutas,0
sept2,,,,MANGO,helado,frutas,0
sept2,,,,Cheescake DL/ Oreo,minitortas,,0
sept2,,,,Dulccina,minitortas,,0
sept2,,,,Nutella,minitortas,,0
sept2,,,,Chancho,paletas,,0
sept2,,,,Clasica,paletas,,0
sept2,,,,Corazon,paletas,,0
sept2,,,,Cristal,paletas,,0
sept2,,,,Dona flan,paletas,,0
sept2,,,,Dubai,paletas,,0
sept2,,,,Hello Kitty,paletas,,0
sept2,,,,Pata,paletas,,0
sept2,,,,Tango,paletas,,0
sept2,,,,Vaca Aurora,paletas,,0
sept2,,,,chocolatin,paletas,,0
sept2,,,,Brownie,tartas,,0
sept2,,,,Cabsha,tartas,,0
sept2,,,,Cheescake Tarta,tartas,,0
sept2,,,,Higo,tartas,,0
sept2,,,,Imperial Tarta,tartas,,0
sept2,,,,Lemon Pie Tarta,tartas,,0
sept2,,,,Maracuya Tarta,tartas,,0
sept2,,,,Mousse,tartas,,0
sept2,,,,Rocher,tartas,,0
sept2,,,,Bomba,tortas,,0
sept2,,,,Chaja,tortas,,0
sept2,,,,Imperial,tortas,,0
sept2,,,,Maria Luisa,tortas,,0
sept2,,,,Selva Negra,tortas,,0
sept2,,,,Tropical,tortas,,0
sept2,,,,BOMBON,tortas heladas,,0
sept2,,,,CHOCOOREO,tortas heladas,,0
sept2,,,,CLASICA AM/CHOC,tortas heladas,,0
sept2,,,,CLASICA VAI/ DL,tortas heladas,,0
sept2,,,,DEL AMERICANA,tortas heladas,,0
sept2,,,,DEL DULCE D LECHE,tortas heladas,,0
sept2,,,,OMELETTE,tortas heladas,,0
sept2,,,,PRIMAVERA,tortas heladas,,0
sept2,,,,VERONA,tortas heladas,,0
sept3,,,,DIET AMERICANA,diet,,0
sept3,,,,DIET ANANA,diet,,0
sept3,,,,DIET BANANA,diet,,0
sept3,,,,DIET DULCE DE LECHE,diet,,0
sept3,,,,DIET DURAZNO,diet,,0
sept3,,,,DIET VAINILLA,diet,,0
sept3,,,,BOMBON ROCHER,helado,chocolate,0
sept3,,,,CHOCOLATE,helado,chocolate,0
sept3,,,,CHOCOLATE A LA CUBANA,helado,chocolate,0
sept3,,,,CHOCOLATE AMARGO,helado,chocolate,0
sept3,,,,CHOCOLATE BLANCO,helado,chocolate,0
sept3,,,,CHOCOLATE CON ALMENDRAS,helado,chocolate,0
sept3,,,,CHOCOLATE CON CEREZAS,helado,chocolate,0
sept3,,,,CHOCOLATE DUBAI,helado,chocolate,0
sept3,,,,CHOCOLATE SUIZO,helado,chocolate,0
sept3,,,,KINDOVO,helado,chocolate,0
sept3,,,,MARROC,helado,chocolate,0
sept3,,,,ALMENDRADO,helado,crema blanca,0
sept3,,,,AMERICANA,helado,crema blanca,0
sept3,,,,ARANDANO Y CASSIS,helado,crema blanca,0
sept3,,,,BANANA SPLIT,helado,crema blanca,0
sept3,,,,BANANINA,helado,crema blanca,0
sept3,,,,BISCUIT,helado,crema blanca,0
sept3,,,,CAYOTE CON NUEZ,helado,crema blanca,0
sept3,,,,CEREZA,helado,crema blanca,0
sept3,,,,COCOLECHE,helado,crema blanca,0
sept3,,,,CREMA DE CAFE,helado,crema blanca,0
sept3,,,,CREMA DE HIGO CON NUEZ,helado,crema blanca,0
sept3,,,,CREMA DEL CIELO,helado,crema blanca,0
sept3,,,,CREMA RUSA,helado,crema blanca,0
sept3,,,,DELICIA TELLO,helado,crema blanca,0
sept3,,,,FRUTILLA A LA CREMA,helado,crema blanca,0
sept3,,,,FRUTOS DEL BOSQUE,helado,crema blanca,0
sept3,,,,GRANIZADO,helado,crema blanca,0
sept3,,,,LEMON PIE,helado,crema blanca,0
sept3,,,,MANTECOL,helado,crema blanca,0
sept3,,,,MANZANAS AL OPORTO,helado,crema blanca,0
sept3,,,,MARACUYA,helado,crema blanca,0
sept3,,,,MENTA GRANIZADA,helado,crema blanca,0
sept3,,,,PANACOTTA,helado,crema blanca,0
sept3,,,,PISTACHO,helado,crema blanca,0
sept3,,,,SAMBAYON,helado,crema blanca,0
sept3,,,,TIRAMISU,helado,crema blanca,0
sept3,,,,TORTA BROWNIE,helado,crema blanca,0
sept3,,,,YOGUR GRIEGO,helado,crema blanca,0
sept3,,,,CREMA DON PEDRO,helado,crema vainilla,0
sept3,,,,CREMA FLAN,helado,crema vainilla,0
sept3,,,,KINOTOS AL WHISKY,helado,crema vainilla,0
sept3,,,,VAINILLA,helado,crema vainilla,0
sept3,,,,VAINILLA GRANIZADA,helado,crema vainilla,0
sept3,,,,CHOCOTORTA,helado,dulce de leche,0
sept3,,,,DOLCCINO,helado,dulce de leche,0
sept3,,,,DULCE DE LECHE,helado,dulce de leche,0
sept3,,,,DULCE DE LECHE BOMBON,helado,dulce de leche,0
sept3,,,,DULCE DE LECHE CON NUEZ,helado,dulce de leche,0
sept3,,,,DULCE DE LECHE GRANIZADO,helado,dulce de leche,0
sept3,,,,DULCE DE LECHE TENTACION,helado,dulce de leche,0
sept3,,,,ANANA,helado,frutas,0
sept3,,,,DURAZNO AL AGUA,helado,frutas,0
sept3,,,,FRUTILLA AL AGUA,helado,frutas,0
sept3,,,,LIMON,helado,frutas,0
sept3,,,,MANGO,helado,frutas,0
sept3,,,,Cheescake DL/ Oreo,minitortas,,0
sept3,,,,Dulccina,minitortas,,0
sept3,,,,Nutella,minitortas,,0
sept3,,,,Chancho,paletas,,0
sept3,,,,Clasica,paletas,,0
sept3,,,,Corazon,paletas,,0
sept3,,,,Cristal,paletas,,0
sept3,,,,Dona flan,paletas,,0
sept3,,,,Dubai,paletas,,0
sept3,,,,Hello Kitty,paletas,,0
sept3,,,,Pata,paletas,,0
sept3,,,,Tango,paletas,,0
sept3,,,,Vaca Aurora,paletas,,0
sept3,,,,chocolatin,paletas,,0
sept3,,,,Brownie,tartas,,0
sept3,,,,Cabsha,tartas,,0
sept3,,,,Cheescake Tarta,tartas,,0
sept3,,,,Higo,tartas,,0
sept3,,,,Imperial Tarta,tartas,,0
sept3,,,,Lemon Pie Tarta,tartas,,0
sept3,,,,Maracuya Tarta,tartas,,0
sept3,,,,Mousse,tartas,,0
sept3,,,,Rocher,tartas,,0
sept3,,,,Bomba,tortas,,0
sept3,,,,Chaja,tortas,,0
sept3,,,,Imperial,tortas,,0
sept3,,,,Maria Luisa,tortas,,0
sept3,,,,Selva Negra,tortas,,0
sept3,,,,Tropical,tortas,,0
sept3,,,,BOMBON,tortas heladas,,0
sept3,,,,CHOCOOREO,tortas heladas,,0
sept3,,,,CLASICA AM/CHOC,tortas heladas,,0
sept3,,,,CLASICA VAI/ DL,tortas heladas,,0
sept3,,,,DEL AMERICANA,tortas heladas,,0
sept3,,,,DEL DULCE D LECHE,tortas heladas,,0
sept3,,,,OMELETTE,tortas heladas,,0
sept3,,,,PRIMAVERA,tortas heladas,,0
sept3,,,,VERONA,tortas heladas,,0
yerba1,,,,DIET AMERICANA,diet,,0
yerba1,,,,DIET ANANA,diet,,0
yerba1,,,,DIET BANANA,diet,,0
yerba1,,,,DIET DULCE DE LECHE,diet,,0
yerba1,,,,DIET DURAZNO,diet,,0
yerba1,,,,DIET VAINILLA,diet,,0
yerba1,,,,BOMBON ROCHER,helado,chocolate,0
yerba1,,,,CHOCOLATE,helado,chocolate,0
yerba1,,,,CHOCOLATE A LA CUBANA,helado,chocolate,0
yerba1,,,,CHOCOLATE AMARGO,helado,chocolate,0
yerba1,,,,CHOCOLATE BLANCO,helado,chocolate,0
yerba1,,,,CHOCOLATE CON ALMENDRAS,helado,chocolate,0
yerba1,,,,CHOCOLATE CON CEREZAS,helado,chocolate,0
yerba1,,,,CHOCOLATE DUBAI,helado,chocolate,0
yerba1,,,,CHOCOLATE SUIZO,helado,chocolate,0
yerba1,,,,KINDOVO,helado,chocolate,0
yerba1,,,,MARROC,helado,chocolate,0
yerba1,,,,ALMENDRADO,helado,crema blanca,0
yerba1,,,,AMERICANA,helado,crema blanca,0
yerba1,,,,ARANDANO Y CASSIS,helado,crema blanca,0
yerba1,,,,BANANA SPLIT,helado,crema blanca,0
yerba1,,,,BANANINA,helado,crema blanca,0
yerba1,,,,BISCUIT,helado,crema blanca,0
yerba1,,,,CAYOTE CON NUEZ,helado,crema blanca,0
yerba1,,,,CEREZA,helado,crema blanca,0
yerba1,,,,COCOLECHE,helado,crema blanca,0
yerba1,,,,CREMA DE CAFE,helado,crema blanca,0
yerba1,,,,CREMA DE HIGO CON NUEZ,helado,crema blanca,0
yerba1,,,,CREMA DEL CIELO,helado,crema blanca,0
yerba1,,,,CREMA RUSA,helado,crema blanca,0
yerba1,,,,DELICIA TELLO,helado,crema blanca,0
yerba1,,,,FRUTILLA A LA CREMA,helado,crema blanca,0
yerba1,,,,FRUTOS DEL BOSQUE,helado,crema blanca,0
yerba1,,,,GRANIZADO,helado,crema blanca,0
yerba1,,,,LEMON PIE,helado,crema blanca,0
yerba1,,,,MANTECOL,helado,crema blanca,0
yerba1,,,,MANZANAS AL OPORTO,helado,crema blanca,0
yerba1,,,,MARACUYA,helado,crema blanca,0
yerba1,,,,MENTA GRANIZADA,helado,crema blanca,0
yerba1,,,,PANACOTTA,helado,crema blanca,0
yerba1,,,,PISTACHO,helado,crema blanca,0
yerba1,,,,SAMBAYON,helado,crema blanca,0
yerba1,,,,TIRAMISU,helado,crema blanca,0
yerba1,,,,TORTA BROWNIE,helado,crema blanca,0
yerba1,,,,YOGUR GRIEGO,helado,crema blanca,0
yerba1,,,,CREMA DON PEDRO,helado,crema vainilla,0
yerba1,,,,CREMA FLAN,helado,crema vainilla,0
yerba1,,,,KINOTOS AL WHISKY,helado,crema vainilla,0
yerba1,,,,VAINILLA,helado,crema vainilla,0
yerba1,,,,VAINILLA GRANIZADA,helado,crema vainilla,0
yerba1,,,,CHOCOTORTA,helado,dulce de leche,0
yerba1,,,,DOLCCINO,helado,dulce de leche,0
yerba1,,,,DULCE DE LECHE,helado,dulce de leche,0
yerba1,,,,DULCE DE LECHE BOMBON,helado,dulce de leche,0
yerba1,,,,DULCE DE LECHE CON NUEZ,helado,dulce de leche,0
yerba1,,,,DULCE DE LECHE GRANIZADO,helado,dulce de leche,0
yerba1,,,,DULCE DE LECHE TENTACION,helado,dulce de leche,0
yerba1,,,,ANANA,helado,frutas,0
yerba1,,,,DURAZNO AL AGUA,helado,frutas,0
yerba1,,,,FRUTILLA AL AGUA,helado,frutas,0
yerba1,,,,LIMON,helado,frutas,0
yerba1,,,,MANGO,helado,frutas,0
yerba1,,,,Cheescake DL/ Oreo,minitortas,,0
yerba1,,,,Dulccina,minitortas,,0
yerba1,,,,Nutella,minitortas,,0
yerba1,,,,Carita,paletas,,0
yerba1,,,,Chancho,paletas,,0
yerba1,,,,Clasica,paletas,,0
yerba1,,,,Corazon,paletas,,0
yerba1,,,,Cristal,paletas,,0
yerba1,,,,Dona Banana Split,paletas,,0
yerba1,,,,Dona flan,paletas,,0
yerba1,,,,Dubai,paletas,,0
yerba1,,,,Hello Kitty,paletas,,0
yerba1,,,,Pata,paletas,,0
yerba1,,,,Tango,paletas,,0
yerba1,,,,Torta,paletas,,0
yerba1,,,,Vaca Aurora,paletas,,0
yerba1,,,,chocolatin,paletas,,0
yerba1,,,,Brownie,tartas,,0
yerba1,,,,Cabsha,tartas,,0
yerba1,,,,Cheescake Tarta,tartas,,0
yerba1,,,,Higo,tartas,,0
yerba1,,,,Imperial Tarta,tartas,,0
yerba1,,,,Lemon Pie Tarta,tartas,,0
yerba1,,,,Maracuya Tarta,tartas,,0
yerba1,,,,Mousse,tartas,,0
yerba1,,,,Rocher,tartas,,0
yerba1,,,,Bomba,tortas,,0
yerba1,,,,Chaja,tortas,,0
yerba1,,,,Imperial,tortas,,0
yerba1,,,,Maria Luisa,tortas,,0
yerba1,,,,Selva Negra,tortas,,0
yerba1,,,,Tropical,tortas,,0
yerba1,,,,BOMBON,tortas heladas,,0
yerba1,,,,CHOCOOREO,tortas heladas,,0
yerba1,,,,CLASICA AM/CHOC,tortas heladas,,0
yerba1,,,,CLASICA VAI/ DL,tortas heladas,,0
yerba1,,,,DEL AMERICANA,tortas heladas,,0
yerba1,,,,DEL DULCE D LECHE,tortas heladas,,0
yerba1,,,,OMELETTE,tortas heladas,,0
yerba1,,,,PRIMAVERA,tortas heladas,,0
yerba1,,,,VERONA,tortas heladas,,0
yerba2,,,,DIET AMERICANA,diet,,0
yerba2,,,,DIET ANANA,diet,,0
yerba2,,,,DIET BANANA,diet,,0
yerba2,,,,DIET DULCE DE LECHE,diet,,0
yerba2,,,,DIET DURAZNO,diet,,0
yerba2,,,,DIET VAINILLA,diet,,0
yerba2,,,,BOMBON ROCHER,helado,chocolate,0
yerba2,,,,CHOCOLATE,helado,chocolate,0
yerba2,,,,CHOCOLATE A LA CUBANA,helado,chocolate,0
yerba2,,,,CHOCOLATE AMARGO,helado,chocolate,0
yerba2,,,,CHOCOLATE BLANCO,helado,chocolate,0
yerba2,,,,CHOCOLATE CON ALMENDRAS,helado,chocolate,0
yerba2,,,,CHOCOLATE CON CEREZAS,helado,chocolate,0
yerba2,,,,CHOCOLATE DUBAI,helado,chocolate,0
yerba2,,,,CHOCOLATE SUIZO,helado,chocolate,0
yerba2,,,,KINDOVO,helado,chocolate,0
yerba2,,,,MARROC,helado,chocolate,0
yerba2,,,,ALMENDRADO,helado,crema blanca,0
yerba2,,,,AMERICANA,helado,crema blanca,0
yerba2,,,,ARANDANO Y CASSIS,helado,crema blanca,0
yerba2,,,,BANANA SPLIT,helado,crema blanca,0
yerba2,,,,BANANINA,helado,crema blanca,0
yerba2,,,,BISCUIT,helado,crema blanca,0
yerba2,,,,CAYOTE CON NUEZ,helado,crema blanca,0
yerba2,,,,CEREZA,helado,crema blanca,0
yerba2,,,,COCOLECHE,helado,crema blanca,0
yerba2,,,,CREMA DE CAFE,helado,crema blanca,0
yerba2,,,,CREMA DE HIGO CON NUEZ,helado,crema blanca,0
yerba2,,,,CREMA DEL CIELO,helado,crema blanca,0
yerba2,,,,CREMA RUSA,helado,crema blanca,0
yerba2,,,,DELICIA TELLO,helado,crema blanca,0
yerba2,,,,FRUTILLA A LA CREMA,helado,crema blanca,0
yerba2,,,,FRUTOS DEL BOSQUE,helado,crema blanca,0
yerba2,,,,GRANIZADO,helado,crema blanca,0
yerba2,,,,LEMON PIE,helado,crema blanca,0
yerba2,,,,MANTECOL,helado,crema blanca,0
yerba2,,,,MANZANAS AL OPORTO,helado,crema blanca,0
yerba2,,,,MARACUYA,helado,crema blanca,0
yerba2,,,,MENTA GRANIZADA,helado,crema blanca,0
yerba2,,,,PANACOTTA,helado,crema blanca,0
yerba2,,,,PISTACHO,helado,crema blanca,0
yerba2,,,,SAMBAYON,helado,crema blanca,0
yerba2,,,,TIRAMISU,helado,crema blanca,0
yerba2,,,,TORTA BROWNIE,helado,crema blanca,0
yerba2,,,,YOGUR GRIEGO,helado,crema blanca,0
yerba2,,,,CREMA DON PEDRO,helado,crema vainilla,0
yerba2,,,,CREMA FLAN,helado,crema vainilla,0
yerba2,,,,KINOTOS AL WHISKY,helado,crema vainilla,0
yerba2,,,,VAINILLA,helado,crema vainilla,0
yerba2,,,,VAINILLA GRANIZADA,helado,crema vainilla,0
yerba2,,,,CHOCOTORTA,helado,dulce de leche,0
yerba2,,,,DOLCCINO,helado,dulce de leche,0
yerba2,,,,DULCE DE LECHE,helado,dulce de leche,0
yerba2,,,,DULCE DE LECHE BOMBON,helado,dulce de leche,0
yerba2,,,,DULCE DE LECHE CON NUEZ,helado,dulce de leche,0
yerba2,,,,DULCE DE LECHE GRANIZADO,helado,dulce de leche,0
yerba2,,,,DULCE DE LECHE TENTACION,helado,dulce de leche,0
yerba2,,,,ANANA,helado,frutas,0
yerba2,,,,DURAZNO AL AGUA,helado,frutas,0
yerba2,,,,FRUTILLA AL AGUA,helado,frutas,0
yerba2,,,,LIMON,helado,frutas,0
yerba2,,,,MANGO,helado,frutas,0
yerba2,,,,Cheescake DL/ Oreo,minitortas,,0
yerba2,,,,Dulccina,minitortas,,0
yerba2,,,,Nutella,minitortas,,0
yerba2,,,,Carita,paletas,,0
yerba2,,,,Chancho,paletas,,0
yerba2,,,,Clasica,paletas,,0
yerba2,,,,Corazon,paletas,,0
yerba2,,,,Cristal,paletas,,0
yerba2,,,,Dona Banana Split,paletas,,0
yerba2,,,,Dona flan,paletas,,0
yerba2,,,,Dubai,paletas,,0
yerba2,,,,Hello Kitty,paletas,,0
yerba2,,,,Pata,paletas,,0
yerba2,,,,Tango,paletas,,0
yerba2,,,,Torta,paletas,,0
yerba2,,,,Vaca Aurora,paletas,,0
yerba2,,,,chocolatin,paletas,,0
yerba2,,,,Brownie,tartas,,0
yerba2,,,,Cabsha,tartas,,0
yerba2,,,,Cheescake Tarta,tartas,,0
yerba2,,,,Higo,tartas,,0
yerba2,,,,Imperial Tarta,tartas,,0
yerba2,,,,Lemon Pie Tarta,tartas,,0
yerba2,,,,Maracuya Tarta,tartas,,0
yerba2,,,,Mousse,tartas,,0
yerba2,,,,Rocher,tartas,,0
yerba2,,,,Bomba,tortas,,0
yerba2,,,,Chaja,tortas,,0
yerba2,,,,Imperial,tortas,,0
yerba2,,,,Maria Luisa,tortas,,0
yerba2,,,,Selva Negra,tortas,,0
yerba2,,,,Tropical,tortas,,0
yerba2,,,,BOMBON,tortas heladas,,0
yerba2,,,,CHOCOOREO,tortas heladas,,0
yerba2,,,,CLASICA AM/CHOC,tortas heladas,,0
yerba2,,,,CLASICA VAI/ DL,tortas heladas,,0
yerba2,,,,DEL AMERICANA,tortas heladas,,0
yerba2,,,,DEL DULCE D LECHE,tortas heladas,,0
yerba2,,,,OMELETTE,tortas heladas,,0
yerba2,,,,PRIMAVERA,tortas heladas,,0
yerba2,,,,VERONA,tortas heladas,,0
yerba3,,,,DIET AMERICANA,diet,,0
yerba3,,,,DIET ANANA,diet,,0
yerba3,,,,DIET BANANA,diet,,0
yerba3,,,,DIET DULCE DE LECHE,diet,,0
yerba3,,,,DIET DURAZNO,diet,,0
yerba3,,,,DIET VAINILLA,diet,,0
yerba3,,,,BOMBON ROCHER,helado,chocolate,0
yerba3,,,,CHOCOLATE,helado,chocolate,0
yerba3,,,,CHOCOLATE A LA CUBANA,helado,chocolate,0
yerba3,,,,CHOCOLATE AMARGO,helado,chocolate,0
yerba3,,,,CHOCOLATE BLANCO,helado,chocolate,0
yerba3,,,,CHOCOLATE CON ALMENDRAS,helado,chocolate,0
yerba3,,,,CHOCOLATE CON CEREZAS,helado,chocolate,0
yerba3,,,,CHOCOLATE DUBAI,helado,chocolate,0
yerba3,,,,CHOCOLATE SUIZO,helado,chocolate,0
yerba3,,,,KINDOVO,helado,chocolate,0
yerba3,,,,MARROC,helado,chocolate,0
yerba3,,,,ALMENDRADO,helado,crema blanca,0
yerba3,,,,AMERICANA,helado,crema blanca,0
yerba3,,,,ARANDANO Y CASSIS,helado,crema blanca,0
yerba3,,,,BANANA SPLIT,helado,crema blanca,0
yerba3,,,,BANANINA,helado,crema blanca,0
yerba3,,,,BISCUIT,helado,crema blanca,0
yerba3,,,,CAYOTE CON NUEZ,helado,crema blanca,0
yerba3,,,,CEREZA,helado,crema blanca,0
yerba3,,,,COCOLECHE,helado,crema blanca,0
yerba3,,,,CREMA DE CAFE,helado,crema blanca,0
yerba3,,,,CREMA DE HIGO CON NUEZ,helado,crema blanca,0
yerba3,,,,CREMA DEL CIELO,helado,crema blanca,0
yerba3,,,,CREMA RUSA,helado,crema blanca,0
yerba3,,,,DELICIA TELLO,helado,crema blanca,0
yerba3,,,,FRUTILLA A LA CREMA,helado,crema blanca,0
yerba3,,,,FRUTOS DEL BOSQUE,helado,crema blanca,0
yerba3,,,,GRANIZADO,helado,crema blanca,0
yerba3,,,,LEMON PIE,helado,crema blanca,0
yerba3,,,,MANTECOL,helado,crema blanca,0
yerba3,,,,MANZANAS AL OPORTO,helado,crema blanca,0
yerba3,,,,MARACUYA,helado,crema blanca,0
yerba3,,,,MENTA GRANIZADA,helado,crema blanca,0
yerba3,,,,PANACOTTA,helado,crema blanca,0
yerba3,,,,PISTACHO,helado,crema blanca,0
yerba3,,,,SAMBAYON,helado,crema blanca,0
yerba3,,,,TIRAMISU,helado,crema blanca,0
yerba3,,,,TORTA BROWNIE,helado,crema blanca,0
yerba3,,,,YOGUR GRIEGO,helado,crema blanca,0
yerba3,,,,CREMA DON PEDRO,helado,crema vainilla,0
yerba3,,,,CREMA FLAN,helado,crema vainilla,0
yerba3,,,,KINOTOS AL WHISKY,helado,crema vainilla,0
yerba3,,,,VAINILLA,helado,crema vainilla,0
yerba3,,,,VAINILLA GRANIZADA,helado,crema vainilla,0
yerba3,,,,CHOCOTORTA,helado,dulce de leche,0
yerba3,,,,DOLCCINO,helado,dulce de leche,0
yerba3,,,,DULCE DE LECHE,helado,dulce de leche,0
yerba3,,,,DULCE DE LECHE BOMBON,helado,dulce de leche,0
yerba3,,,,DULCE DE LECHE CON NUEZ,helado,dulce de leche,0
yerba3,,,,DULCE DE LECHE GRANIZADO,helado,dulce de leche,0
yerba3,,,,DULCE DE LECHE TENTACION,helado,dulce de leche,0
yerba3,,,,ANANA,helado,frutas,0
yerba3,,,,DURAZNO AL AGUA,helado,frutas,0
yerba3,,,,FRUTILLA AL AGUA,helado,frutas,0
yerba3,,,,LIMON,helado,frutas,0
yerba3,,,,MANGO,helado,frutas,0
yerba3,,,,Cheescake DL/ Oreo,minitortas,,0
yerba3,,,,Dulccina,minitortas,,0
yerba3,,,,Nutella,minitortas,,0
yerba3,,,,Carita,paletas,,0
yerba3,,,,Chancho,paletas,,0
yerba3,,,,Clasica,paletas,,0
yerba3,,,,Corazon,paletas,,0
yerba3,,,,Cristal,paletas,,0
yerba3,,,,Dona Banana Split,paletas,,0
yerba3,,,,Dona flan,paletas,,0
yerba3,,,,Dubai,paletas,,0
yerba3,,,,Hello Kitty,paletas,,0
yerba3,,,,Pata,paletas,,0
yerba3,,,,Tango,paletas,,0
yerba3,,,,Torta,paletas,,0
yerba3,,,,Vaca Aurora,paletas,,0
yerba3,,,,chocolatin,paletas,,0
yerba3,,,,Brownie,tartas,,0
yerba3,,,,Cabsha,tartas,,0
yerba3,,,,Cheescake Tarta,tartas,,0
yerba3,,,,Higo,tartas,,0
yerba3,,,,Imperial Tarta,tartas,,0
yerba3,,,,Lemon Pie Tarta,tartas,,0
yerba3,,,,Maracuya Tarta,tartas,,0
yerba3,,,,Mousse,tartas,,0
yerba3,,,,Rocher,tartas,,0
yerba3,,,,Bomba,tortas,,0
yerba3,,,,Chaja,tortas,,0
yerba3,,,,Imperial,tortas,,0
yerba3,,,,Maria Luisa,tortas,,0
yerba3,,,,Selva Negra,tortas,,0
yerba3,,,,Tropical,tortas,,0
yerba3,,,,BOMBON,tortas heladas,,0
yerba3,,,,CHOCOOREO,tortas heladas,,0
yerba3,,,,CLASICA AM/CHOC,tortas heladas,,0
yerba3,,,,CLASICA VAI/ DL,tortas heladas,,0
yerba3,,,,DEL AMERICANA,tortas heladas,,0
yerba3,,,,DEL DULCE D LECHE,tortas heladas,,0
yerba3,,,,OMELETTE,tortas heladas,,0
yerba3,,,,PRIMAVERA,tortas heladas,,0
yerba3,,,,VERONA,tortas heladas,,0
yerba4,,,,DIET AMERICANA,diet,,0
yerba4,,,,DIET ANANA,diet,,0
yerba4,,,,DIET BANANA,diet,,0
yerba4,,,,DIET DULCE DE LECHE,diet,,0
yerba4,,,,DIET DURAZNO,diet,,0
yerba4,,,,DIET VAINILLA,diet,,0
yerba4,,,,BOMBON ROCHER,helado,chocolate,0
yerba4,,,,CHOCOLATE,helado,chocolate,0
yerba4,,,,CHOCOLATE A LA CUBANA,helado,chocolate,0
yerba4,,,,CHOCOLATE AMARGO,helado,chocolate,0
yerba4,,,,CHOCOLATE BLANCO,helado,chocolate,0
yerba4,,,,CHOCOLATE CON ALMENDRAS,helado,chocolate,0
yerba4,,,,CHOCOLATE CON CEREZAS,helado,chocolate,0
yerba4,,,,CHOCOLATE DUBAI,helado,chocolate,0
yerba4,,,,CHOCOLATE SUIZO,helado,chocolate,0
yerba4,,,,KINDOVO,helado,chocolate,0
yerba4,,,,MARROC,helado,chocolate,0
yerba4,,,,ALMENDRADO,helado,crema blanca,0
yerba4,,,,AMERICANA,helado,crema blanca,0
yerba4,,,,ARANDANO Y CASSIS,helado,crema blanca,0
yerba4,,,,BANANA SPLIT,helado,crema blanca,0
yerba4,,,,BANANINA,helado,crema blanca,0
yerba4,,,,BISCUIT,helado,crema blanca,0
yerba4,,,,CAYOTE CON NUEZ,helado,crema blanca,0
yerba4,,,,CEREZA,helado,crema blanca,0
yerba4,,,,COCOLECHE,helado,crema blanca,0
yerba4,,,,CREMA DE CAFE,helado,crema blanca,0
yerba4,,,,CREMA DE HIGO CON NUEZ,helado,crema blanca,0
yerba4,,,,CREMA DEL CIELO,helado,crema blanca,0
yerba4,,,,CREMA RUSA,helado,crema blanca,0
yerba4,,,,DELICIA TELLO,helado,crema blanca,0
yerba4,,,,FRUTILLA A LA CREMA,helado,crema blanca,0
yerba4,,,,FRUTOS DEL BOSQUE,helado,crema blanca,0
yerba4,,,,GRANIZADO,helado,crema blanca,0
yerba4,,,,LEMON PIE,helado,crema blanca,0
yerba4,,,,MANTECOL,helado,crema blanca,0
yerba4,,,,MANZANAS AL OPORTO,helado,crema blanca,0
yerba4,,,,MARACUYA,helado,crema blanca,0
yerba4,,,,MENTA GRANIZADA,helado,crema blanca,0
yerba4,,,,PANACOTTA,helado,crema blanca,0
yerba4,,,,PISTACHO,helado,crema blanca,0
yerba4,,,,SAMBAYON,helado,crema blanca,0
yerba4,,,,TIRAMISU,helado,crema blanca,0
yerba4,,,,TORTA BROWNIE,helado,crema blanca,0
yerba4,,,,YOGUR GRIEGO,helado,crema blanca,0
yerba4,,,,CREMA DON PEDRO,helado,crema vainilla,0
yerba4,,,,CREMA FLAN,helado,crema vainilla,0
yerba4,,,,KINOTOS AL WHISKY,helado,crema vainilla,0
yerba4,,,,VAINILLA,helado,crema vainilla,0
yerba4,,,,VAINILLA GRANIZADA,helado,crema vainilla,0
yerba4,,,,CHOCOTORTA,helado,dulce de leche,0
yerba4,,,,DOLCCINO,helado,dulce de leche,0
yerba4,,,,DULCE DE LECHE,helado,dulce de leche,0
yerba4,,,,DULCE DE LECHE BOMBON,helado,dulce de leche,0
yerba4,,,,DULCE DE LECHE CON NUEZ,helado,dulce de leche,0
yerba4,,,,DULCE DE LECHE GRANIZADO,helado,dulce de leche,0
yerba4,,,,DULCE DE LECHE TENTACION,helado,dulce de leche,0
yerba4,,,,ANANA,helado,frutas,0
yerba4,,,,DURAZNO AL AGUA,helado,frutas,0
yerba4,,,,FRUTILLA AL AGUA,helado,frutas,0
yerba4,,,,LIMON,helado,frutas,0
yerba4,,,,MANGO,helado,frutas,0
yerba4,,,,Cheescake DL/ Oreo,minitortas,,0
yerba4,,,,Dulccina,minitortas,,0
yerba4,,,,Nutella,minitortas,,0
yerba4,,,,Carita,paletas,,0
yerba4,,,,Chancho,paletas,,0
yerba4,,,,Clasica,paletas,,0
yerba4,,,,Corazon,paletas,,0
yerba4,,,,Cristal,paletas,,0
yerba4,,,,Dona Banana Split,paletas,,0
yerba4,,,,Dona flan,paletas,,0
yerba4,,,,Dubai,paletas,,0
yerba4,,,,Hello Kitty,paletas,,0
yerba4,,,,Pata,paletas,,0
yerba4,,,,Tango,paletas,,0
yerba4,,,,Torta,paletas,,0
yerba4,,,,Vaca Aurora,paletas,,0
yerba4,,,,chocolatin,paletas,,0
yerba4,,,,Brownie,tartas,,0
yerba4,,,,Cabsha,tartas,,0
yerba4,,,,Cheescake Tarta,tartas,,0
yerba4,,,,Higo,tartas,,0
yerba4,,,,Imperial Tarta,tartas,,0
yerba4,,,,Lemon Pie Tarta,tartas,,0
yerba4,,,,Maracuya Tarta,tartas,,0
yerba4,,,,Mousse,tartas,,0
yerba4,,,,Rocher,tartas,,0
yerba4,,,,Bomba,tortas,,0
yerba4,,,,Chaja,tortas,,0
yerba4,,,,Imperial,tortas,,0
yerba4,,,,Maria Luisa,tortas,,0
yerba4,,,,Selva Negra,tortas,,0
yerba4,,,,Tropical,tortas,,0
yerba4,,,,BOMBON,tortas heladas,,0
yerba4,,,,CHOCOOREO,tortas heladas,,0
yerba4,,,,CLASICA AM/CHOC,tortas heladas,,0
yerba4,,,,CLASICA VAI/ DL,tortas heladas,,0
yerba4,,,,DEL AMERICANA,tortas heladas,,0
yerba4,,,,DEL DULCE D LECHE,tortas heladas,,0
yerba4,,,,OMELETTE,tortas heladas,,0
yerba4,,,,PRIMAVERA,tortas heladas,,0
yerba4,,,,VERONA,tortas heladas,,0
