producto_id,producto,familia,categoria,pozo,salon,mandar,fecha
733,DIET AMERICANA,,diet,0.0,,0.0,08/09/2025
734,DIET ANANA,,diet,0.0,,0.0,08/09/2025
735,DIET BANANA,,diet,0.0,,0.0,08/09/2025
736,DIET DULCE DE LECHE,,diet,0.0,,0.0,08/09/2025
737,DIET DURAZNO,,diet,0.0,,0.0,08/09/2025
738,DIET VAINILLA,,diet,0.0,,0.0,08/09/2025
710,BOMBON ROCHER,chocolate,helado,1.0,0.5,1.0,08/09/2025
723,CHOCOLATE,chocolate,helado,3.0,1.5,0.0,08/09/2025
724,CHOCOLATE A LA CUBANA,chocolate,helado,0.0,0.5,0.0,08/09/2025
725,CHOCOLATE AMARGO,chocolate,helado,0.0,0.5,0.5,08/09/2025
726,CHOCOLATE BLANCO,chocolate,helado,0.0,0.5,0.0,08/09/2025
727,CHOCOLATE CON ALMENDRAS,chocolate,helado,0.0,1.0,1.0,08/09/2025
728,CHOCOLATE CON CEREZAS,chocolate,helado,0.0,0.25,0.25,08/09/2025
782,CHOCOLATE DUBAI,chocolate,helado,0.0,0.25,0.5,08/09/2025
730,CHOCOLATE SUIZO,chocolate,helado,1.0,1.0,0.0,08/09/2025
718,KINDOVO,chocolate,helado,0.0,0.5,0.0,08/09/2025
729,MARROC,chocolate,helado,0.0,0.25,0.0,08/09/2025
702,ALMENDRADO,crema blanca,helado,0.0,0.25,0.0,08/09/2025
703,AMERICANA,crema blanca,helado,0.0,1.25,1.0,08/09/2025
706,ARANDANO Y CASSIS,crema blanca,helado,1.0,1.25,0.0,08/09/2025
707,BANANA SPLIT,crema blanca,helado,0.0,1.0,1.0,08/09/2025
715,BANANINA,crema blanca,helado,0.0,0.25,0.0,08/09/2025
708,BISCUIT,crema blanca,helado,0.0,1.5,0.0,08/09/2025
712,CAYOTE CON NUEZ,crema blanca,helado,0.0,0.25,0.0,08/09/2025
713,CEREZA,crema blanca,helado,1.0,0.5,1.0,08/09/2025
716,COCOLECHE,crema blanca,helado,0.0,0.25,0.0,08/09/2025
711,CREMA DE CAFE,crema blanca,helado,0.0,0.25,0.0,08/09/2025
719,CREMA DE HIGO CON NUEZ,crema blanca,helado,0.0,0.25,0.0,08/09/2025
720,CREMA DEL CIELO,crema blanca,helado,0.0,0.25,0.0,08/09/2025
722,CREMA RUSA,crema blanca,helado,0.0,0.25,0.0,08/09/2025
732,DELICIA TELLO,crema blanca,helado,0.0,1.5,1.0,08/09/2025
749,FRUTILLA A LA CREMA,crema blanca,helado,1.0,0.5,1.0,08/09/2025
752,FRUTOS DEL BOSQUE,crema blanca,helado,0.0,1.5,0.0,08/09/2025
753,GRANIZADO,crema blanca,helado,0.0,1.5,0.0,08/09/2025
772,LEMON PIE,crema blanca,helado,0.0,0.0,0.5,08/09/2025
758,MANTECOL,crema blanca,helado,0.0,0.75,0.0,08/09/2025
759,MANZANAS AL OPORTO,crema blanca,helado,0.0,0.25,0.0,08/09/2025
773,MARACUYA,crema blanca,helado,0.0,0.5,0.0,08/09/2025
761,MENTA GRANIZADA,crema blanca,helado,0.0,0.25,0.0,08/09/2025
762,PANACOTTA,crema blanca,helado,0.0,1.25,1.0,08/09/2025
775,PISTACHO,crema blanca,helado,0.0,0.0,0.0,08/09/2025
763,SAMBAYON,crema blanca,helado,0.0,0.5,1.0,08/09/2025
764,TIRAMISU,crema blanca,helado,0.0,4.0,0.25,08/09/2025
766,TORTA BROWNIE,crema blanca,helado,0.0,0.5,0.0,08/09/2025
776,YOGUR GRIEGO,crema blanca,helado,0.0,0.25,0.0,08/09/2025
721,CREMA DON PEDRO,crema vainilla,helado,0.0,0.0,0.25,08/09/2025
748,CREMA FLAN,crema vainilla,helado,0.0,0.5,0.5,08/09/2025
754,KINOTOS AL WHISKY,crema vainilla,helado,0.0,0.25,0.0,08/09/2025
768,VAINILLA,crema vainilla,helado,0.0,1.0,1.0,08/09/2025
770,VAINILLA GRANIZADA,crema vainilla,helado,0.0,0.25,0.0,08/09/2025
717,CHOCOTORTA,dulce de leche,helado,0.0,0.5,0.0,08/09/2025
739,DOLCCINO,dulce de leche,helado,0.0,1.5,0.0,08/09/2025
740,DULCE DE LECHE,dulce de leche,helado,3.0,1.5,0.0,08/09/2025
741,DULCE DE LECHE BOMBON,dulce de leche,helado,0.0,2.0,0.0,08/09/2025
742,DULCE DE LECHE CON NUEZ,dulce de leche,helado,0.0,1.5,0.0,08/09/2025
743,DULCE DE LECHE GRANIZADO,dulce de leche,helado,1.0,1.0,0.0,08/09/2025
744,DULCE DE LECHE TENTACION,dulce de leche,helado,1.0,1.0,0.0,08/09/2025
705,ANANA,frutas,helado,0.0,0.5,0.0,08/09/2025
746,DURAZNO AL AGUA,frutas,helado,0.0,0.25,0.0,08/09/2025
750,FRUTILLA AL AGUA,frutas,helado,0.0,0.5,0.0,08/09/2025
755,LIMON,frutas,helado,0.0,2.0,0.0,08/09/2025
757,MANGO,frutas,helado,0.0,0.5,0.0,08/09/2025
402,Cheescake DL/ Oreo,,minitortas,0.0,3.0,2.0,08/09/2025
401,Dulccina,,minitortas,0.0,4.0,1.0,08/09/2025
400,Nutella,,minitortas,0.0,5.0,0.0,08/09/2025
503,Carita,,paletas,0.0,6.0,0.0,08/09/2025
506,Chancho,,paletas,0.0,4.0,2.0,08/09/2025
500,Clasica,,paletas,0.0,8.0,2.0,08/09/2025
502,Corazon,,paletas,0.0,6.0,0.0,08/09/2025
507,Cristal,,paletas,0.0,9.0,1.0,08/09/2025
510,Dona Banana Split,,paletas,0.0,6.0,0.0,08/09/2025
511,Dona flan,,paletas,0.0,4.0,2.0,08/09/2025
513,Dubai,,paletas,10.0,8.0,2.0,08/09/2025
512,Hello Kitty,,paletas,0.0,4.0,2.0,08/09/2025
504,Pata,,paletas,0.0,2.0,4.0,08/09/2025
501,Tango,,paletas,0.0,9.0,1.0,08/09/2025
505,Torta,,paletas,0.0,6.0,0.0,08/09/2025
509,Vaca Aurora,,paletas,0.0,4.0,2.0,08/09/2025
508,chocolatin,,paletas,0.0,10.0,0.0,08/09/2025
600,Brownie,,tartas,12.0,5.0,2.0,08/09/2025
601,Cabsha,,tartas,11.0,0.0,0.0,08/09/2025
608,Cheescake Tarta,,tartas,1.0,0.0,1.0,08/09/2025
602,Higo,,tartas,13.0,0.0,8.0,08/09/2025
603,Imperial Tarta,,tartas,9.0,0.0,1.0,08/09/2025
604,Lemon Pie Tarta,,tartas,0.0,0.0,2.0,08/09/2025
605,Maracuya Tarta,,tartas,1.0,0.0,1.0,08/09/2025
606,Mousse,,tartas,8.0,0.0,2.0,08/09/2025
607,Rocher,,tartas,12.0,0.0,0.0,08/09/2025
900,Bomba,,tortas,2.0,0.0,1.0,08/09/2025
901,Chaja,,tortas,1.0,0.0,0.0,08/09/2025
902,Imperial,,tortas,0.0,0.0,3.0,08/09/2025
903,Maria Luisa,,tortas,2.0,0.0,1.0,08/09/2025
904,Selva Negra,,tortas,0.0,0.0,1.0,08/09/2025
905,Tropical,,tortas,2.0,0.0,0.0,08/09/2025
803,BOMBON,,tortas heladas,4.0,0.0,0.0,08/09/2025
808,CHOCOOREO,,tortas heladas,4.0,0.0,0.0,08/09/2025
801,CLASICA AM/CHOC,,tortas heladas,3.0,0.0,0.0,08/09/2025
802,CLASICA VAI/ DL,,tortas heladas,4.0,0.0,0.0,08/09/2025
805,DEL AMERICANA,,tortas heladas,3.0,0.0,1.0,08/09/2025
806,DEL DULCE D LECHE,,tortas heladas,4.0,0.0,0.0,08/09/2025
800,OMELETTE,,tortas heladas,4.0,0.0,0.0,08/09/2025
804,PRIMAVERA,,tortas heladas,3.0,0.0,1.0,08/09/2025
807,VERONA,,tortas heladas,3.0,0.0,0.0,08/09/2025
