Sucursal: YERBA BUENA,,,Fecha:,14/09/2025,,,, Encargado: , ,,,,,,,,,,,,,,,,
,pozo,salon,mandar,,Hay,,Mandar,,Hay,Mandar,,,,,,,,,,,,,,,
ALMENDRADO,,1/2,,TACITAS DIET:,,,,Bolsas:, , ,,,,,,,,,,,,,,,
AMERICANA,,1,1,Anana,2,,1,Bolsa consorcio,2,1,,,,,,,,,,,,,,,
ANANA,,1/2,,Durazno,3,,,Bolsa residuos,3,,,,,,,,,,,,,,,, /
ARANDANOS Y CASSIS,,1+1/2,1,Americana,3,,,Bolsa camiseta,HAY, ,,,,,,,,,,,,,,,
BANANA SPLIT,1,1/2,1,Banana,3,,,Bolsa p/conito,6,,,,,,,,,,,,,,,,
BANANINA,,-1/4,1/4,Dulce de Leche,3,,,Bolsa chica c/logo (papel),3,,,,,,,,,,,,,,,,
BOMBON ROCHER,1,1,1,Vainilla,3,,,Bolsa gde. c/logo (papel),1, ,,,,,,,,,,,,,,, 
CAYOTE CON NUEZ,,-1/4,1/4,, ,,,Bolsa gde. c/logo (plast. torta redonda),3, ,,,,,,,,,,,,,,,
CEREZA,1,1/2,1,Tortas Heladas:,VITRINA,POZO,MANDAR,Bolsa rectang. c/logo (plast. torta rectang.),2, ,,,,,,,,,,,,,,,/
COCOLECHE,,1/2,,Omelette,2,2,,Delivery (papel s/manija),HAY,,,,,,,,,,,,,,,,
CREMA BISCUIT,1,3/4,,Clasica Am/ Choc.,2,,,, , ,,,,,,,,,,,,,,,
CREMA DE CAFÉ,,-1/4,1/4,Clasica Vai/ DL,2,,,Guantes,2,3,,,,,,,,,,,,,,,
CREMA DE HIGO CON NUEZ,,1/2,,Bombon,2,,,Portaconos,HAY,,,,,,,,,,,,,,,,
CREMA DEL CIELO,,-1/4,1/4,Primavera,0,2,2,Cucharita sundae,1+1/2,,,,,,,,,,,,,,,,
CREMA DON PEDRO,,1/4,,Del. De Amer.,2,,,Folex,HAY,  ,,,,,,,,,,,,,,,
CREMA FLAN,,1/2,1/2,Del. De D. de L,2,,,Servilleta Blancas,1,,,,,,,,,,,,,,,,
CREMA RUSA,,1/2,,Verona,2,,,Servilleta Beige Tello,,MANDAR,,,,,,,,,,,,,,,
CHOCOLATE,,1+1/4,1,Chocooreo,1,,1,Vaso c/ Logo 120 cc,2,,,,,,,,,,,,,,,,
CHOCOLATE A LA CUBANA,1/4,0,1/4,,,,,Vaso c/ Logo 360cc,0,2,,,,,,,,,,,,,,,
CHOCOLATE AMARGO,,3/4,,Tortas:,,,,Vaso plast. milk shake,HAY,   ,,,,,,,,,,,,,,,
CHOCOLATE BLANCO,,-1/4,1/2,Bomba,1,,,Sorbetes,HAY,,,,,,,,,,,,,,,,
CHOCOLATE CON ALM.,,1,1,Chaja,0,,1,Moños x paquete,HAY, ,,,,,,,,,,,,,,,
CHOCOLATE CON CEREZAS,,-1/4,1/2,Imperial,0,,1,Velas,HAY,,,,,,,,,,,,,,,,
CHOCOLATE DUBAI,,0,3,Maria luisa,0,,1,Bandeja chica,HAY,,,,,,,,,,,,,,,,/
CHOCOLATE SUIZO,,1,1,Selva negra,1,,,Bandeja grande,HAY, ,,,,,,,,,,,,,,,
CHOCOTORTA,,1,1/2,Tropical,2,,,Helafiilm 1/4 kg,2, ,,,,,,,,,,,,,,,
DELICIA TELLO,,1,1,,,,,Helafilm 1/2 kg,2,  ,,,,,,,,,,,,,,,
DOLCCINO,,1,1,Tartas:,,,,Helafilm 1kg,2, ,,,,,,,,,,,,,,,
DULCE DE LECHE,,1+1/2,1,Brownie,10,,2,Cinta con Logo Tello,3,1,,,,,,,,,,,,,,,/
DULCE DE LECHE BOMBON,,1,1,Cabsha,9,,1,, , ,,,,,,,,,,,,,,,
DULCE DE LECHE C/NUEZ,,1+1/2,,Higo,12,,8,Cajas:, , ,,,,,,,,,,,,,,,
DULCE DE LECHE GRA.,,1+1/2,1,Imperial,10,,,Tartas,60,20,,,,,,,,,,,,,,, 
DULCE DE LECHE TENTAC.,,1,1,Lemon Pie,0,,2,Tortas Medianas,25,,,,,,,,,,,,,,,,
DURAZNO AL AGUA,,1/4,,Maracuya,1,,1,Tortas Grandes,25,,,,,,,,,,,,,,,,
FRUTILLA A LA CREMA,,1,1,Mousse,9,,1,Blondas,HAY,,,,,,,,,,,,,,,,
FRUTILLA AL AGUA,,1/4,1/2,Rocher,7,,5,,, ,,,,,,,,,,,,,,,
FRUTOS DEL BOSQUE,,1/2,1,Cheescake,1,,,Para Postre:, ,  ,,,,,,,,,,,,,,,
GRANIZADO,,1+1/2,,,,,,Mini tarta manzana,3,,,,,,,,,,,,,,,,
KINDOVO,,1/4,1/2,Salsas:,,,,Cookie Americana,3, ,,,,,,,,,,,,,,,
KINOTOS AL WHISKY,,1/4,1/4,Caramelo,1,,1,Topping Arandanos,HAY,,,,,,,,,,,,,,,,
LIMON,,1+3/4,,Chocolate,1,,1,Plancha brownie,HAY,,,,,,,,,,,,,,,,
LEMON PIE,,1/4,1/2,Dulce de Leche,1,,1,Volcan,10,,,,,,,,,,,,,,,,
MANGO,,1/2,,Frutilla,1,,1,sopa inglesa,2,,,,,,,,,,,,,,,,
MANTECOL,,3/4,1/2,Sirope para Affogato,HAY,, ,Hojaldre,HAY,,,,,,,,,,,,,,,,
MANZANAS AL OPORTO,,1/2,,,,,,Pera disecada,HAY, ,,,,,,,,,,,,,,,
MARACUYA,,3/4,,Agregados:,,,,Manzana disecada,HAY, ,,,,,,,,,,,,,,,  
MARROC,,1/2,1/4,Azucar,HAY,,,, , ,,,,,,,,,,,,,,,/
MENTA GRANIZADA,1/4,-1/4,,Baño de chocolate,1,,,Crema de leche,1/4,1/4,,,,,,,,,,,,,,,
PANACOTTA,,1,1,Logo Tello,HAY,,,Dulce de leche familiar,2,,,,,,,,,,,,,,,,
PISTACCHIO,,-1/4,3,Cerezas (lata),1,,,Ensaladas fruta (lata),2,,,,,,,,,,,,,,,,
SAMBAYON,,1+1/4,,Chispas de Choc.,HAY,,,Peras (lata),2,,,,,,,,,,,,,,,,
TIRAMISU,,-1/4,1/4,Kinotos (lata),,,MANDAR,Ganache blanca,1/4,,,,,,,,,,,,,,,, 
TORTA BROWNIE,,3/4,,Lajas,,,MANDAR,Alcohol Liquido,1,,,,,,,,,,,,,,,,
VAINILLA,,1,1,Merenguitos,5,,,Alcohol en Gel,, ,,,,,,,,,,,,,,,
VAINILLA GRANIZADA,,1/2,,Nueces,,,MANDAR,Cuchara media bola,, ,,,,,,,,,,,,,,,
YOGURT GRIEGO,,-1/4,1/4,Rocklets,HAY,,,Espatula chata,, ,,,,,,,,,,,,,,,
ICE POP (PALETAS),,,,Pañuelos p/ copas,HAY,,,Cornet,,  ,,,,,,,,,,,,,,,
Clasica,,7,3,Leche Descre.,12,,3,,,,,,,,,,,,,,,,,,
Tango,,7,,Bombones p/café,0,,100,Rollos p/impresora fiscal,HAY,,,,,,,,,,,,,,,,
Corazon,,5,2,,,,,Rollo p/posnet,HAY,,,,,,,,,,,,,,,,
Carita,,6,1,Queso untable,4,,4,, , ,,,,,,,,,,,,,,,
Pata,,4,3,Te clasico,1,,,, ,  ,,,,,,,,,,,,,,,
Torta,,5,2,Te de boldo,1,,,Almendras baña x100,4,1,,,,,,,,,,,,,,,
Chancho,,3,4,Te de manzanilla,1,,,Almendra baña x 250,2,3,,,,,,,,,,,,,,,
Cristal,,4,6,Te de frutilla,1,,,,  , ,,,,,,,,,,,,,,,
Chocolatin,,5,5,Te de limón,1,,,Tabletas de chocolate,7,3,,,,,,,,,,555,,,,,
Vaca Aurora ,,0,7,Te de hierbas,1,,,Marroc,, ,,,,,,,,,,,,,,,
Dona Banana Split,,4,3,Mate cocido,1,,,Oreo,, ,,,,,,,,,,,,,,,
Dona Flan,,4,3,Café bolsa x 1 kg,9KG,,,Frutos secos,, ,,,,,,,,,,,,,,,
Hello Kitty,,2,5,Azucar x caja,2,,,Rocklets,, ,,,,,,,,,,,,,,,
Dubai,,6,4,Edulcorante x caja,2,,,Dubai,5,5,,,,,,,,,,,,,,,
Caja para paleta,,HAY,,Chocolate submarino,7,,,, , ,,,,,,,,,,,,,,,
MINI TORTAS,,,,Capuccino ,HAY,,,Yogur Vaini. ligth xLts. ,1,,,,,,,,,,,,,,,,
Nutella,,3,,Aguas ,7,, ,Miel,HAY, ,,,,,,,,,,,,,,,
Dulccina,,2,1,Aguas saborizadas,12,,,Granola,HAY, ,,,,,,,,,,,,,,,
Cheescake DL/ Oreo,,1,2,Gaseosas ,12,,,Sandwich de j y q,0,MANDAR,,,,,,,,,,,,,,,
Caja mini torta ,,HAY,,,,,,Sandiwch de t y q,1 BAND 5 UNID,MANDAR,,,,,,,,,,,,,,,
Frappes:polvo capuccino,,HAY,,,,,,, , ,,,,,,,,,,,,,,,
Vaso frappe,,HAY,,DESCARTABLES:,,,  ,Utiles:, , ,,,,,,,,,,,,,,,
leche entera,,3,1,Vaso de cafe chico 180 cc,1,,1,Lapiceras,HAY,,,,,,,,,,,,,,,,
CUADRADOS:,,,,Vaso de cafe grande 240 cc,1,,1,Felpón,HAY,,,,,,,,,,,,,,,,
Brownie,,5,,Removedor de cafe,HAY,,,Broches n°21/6,HAY,,,,,,,,,,,,,,,,
Coco,,6,,Porta vaso de cafe,HAY,,,Liquido corrector ,HAY, ,,,,,,,,,,,,,,,
Pastafrola,,4,,Bandeja telgopor ,HAY,,,Remito devolucion mercaderia,HAY, ,,,,,,,,,,,,,,,
POSTRE ENVASADO:,,,,Recipiente p/ dulce,HAY,,,Sobres,HAY,,,,,,,,,,,,,,,,
Tiramisu,,0,2,,,, ,Gomillas,HAY,,,,,,,,,,,,,,,,
Brownie con frutos rojos,,1,1,,,,,Cinta transparente,4,,,,,,,,,,,,,,,,
Suspiro limeño,,,,,,,,,,,,,,,,,,,,,,,,,
"MANDAR PAN CELIACO, MANDAR CAMBIO",,,,,,,,,,,,,,,,,,,,,,,,,
, ,  ,,,  ,, ,,,,,,,,,,,,,,,,,,
,, ,,, ,,,,,,,,,,,,,,,,,,,,
,,,,, ,,,, ,,,,,,,,,,,,,,,,
,,,,, ,,,,,,,,,,,,,,,,,,,,
,,,,, ,,,,,,,,,,,,,,,,,,,,
,,,,, ,,,,,,,,,,,,,,,,,,,,
,,,,,,,,,,,,,,,,,,,,,,,,,
,,,,, ,,,,,,,,,,,,,,,,,,,,